This is XeTeX, Version 3.141592653-2.6-0.999998 (MiKTeX 26.5) (preloaded format=xelatex 2026.6.22)  15 JUL 2026 12:16
entering extended mode
 restricted \write18 enabled.
 file:line:error style messages enabled.
 %&-line parsing enabled.
**g:/S3_paper/paper/latex_paper.tex
(g:/S3_paper/paper/latex_paper.tex
LaTeX2e <2026-06-01>
L3 programming layer <2026-05-26>
(C:\Users\levie\AppData\Local\Programs\MiKTeX\tex/latex/ieeetran\IEEEtran.cls
Document Class: IEEEtran 2015/08/26 V1.8b by Michael Shell
-- See the "IEEEtran_HOWTO" manual for usage information.
-- http://www.michaelshell.org/tex/ieeetran/
\@IEEEtrantmpdimenA=\dimen150
\@IEEEtrantmpdimenB=\dimen151
\@IEEEtrantmpdimenC=\dimen152
\@IEEEtrantmpcountA=\count273
\@IEEEtrantmpcountB=\count274
\@IEEEtrantmpcountC=\count275
\@IEEEtrantmptoksA=\toks17
LaTeX Font Info:    Trying to load font information for TU+ptm on input line 50
3.
LaTeX Font Info:    No file TUptm.fd. on input line 503.

LaTeX Font Warning: Font shape `TU/ptm/m/n' undefined
(Font)              using `TU/lmr/m/n' instead on input line 503.

-- Using 8.5in x 11in (letter) paper.
-- Using DVI output.
\@IEEEnormalsizeunitybaselineskip=\dimen153
-- This is a 10 point document.
LaTeX Encoding Info:    Redeclaring text command \textunderscore (encoding ?) o
n input line 937.
\CLASSINFOnormalsizebaselineskip=\dimen154
\CLASSINFOnormalsizeunitybaselineskip=\dimen155
\IEEEnormaljot=\dimen156

LaTeX Font Warning: Font shape `TU/ptm/bx/n' undefined
(Font)              using `TU/ptm/m/n' instead on input line 1090.


LaTeX Font Warning: Font shape `TU/ptm/m/it' undefined
(Font)              using `TU/ptm/m/n' instead on input line 1090.


LaTeX Font Warning: Font shape `TU/ptm/bx/it' undefined
(Font)              using `TU/ptm/bx/n' instead on input line 1090.

\IEEEquantizedlength=\dimen157
\IEEEquantizedlengthdiff=\dimen158
\IEEEquantizedtextheightdiff=\dimen159
\IEEEilabelindentA=\dimen160
\IEEEilabelindentB=\dimen161
\IEEEilabelindent=\dimen162
\IEEEelabelindent=\dimen163
\IEEEdlabelindent=\dimen164
\IEEElabelindent=\dimen165
\IEEEiednormlabelsep=\dimen166
\IEEEiedmathlabelsep=\dimen167
\IEEEiedtopsep=\skip49
\c@section=\count276
\c@subsection=\count277
\c@subsubsection=\count278
\c@paragraph=\count279
\c@IEEEsubequation=\count280
\abovecaptionskip=\skip50
\belowcaptionskip=\skip51
\c@figure=\count281
\c@table=\count282
\@IEEEeqnnumcols=\count283
\@IEEEeqncolcnt=\count284
\@IEEEsubeqnnumrollback=\count285
\@IEEEquantizeheightA=\dimen168
\@IEEEquantizeheightB=\dimen169
\@IEEEquantizeheightC=\dimen170
\@IEEEquantizeprevdepth=\dimen171
\@IEEEquantizemultiple=\count286
\@IEEEquantizeboxA=\box53
\@IEEEtmpitemindent=\dimen172
\IEEEPARstartletwidth=\dimen173
\c@IEEEbiography=\count287
\@IEEEtranrubishbin=\box54
) (C:\Users\levie\AppData\Local\Programs\MiKTeX\tex/latex/base\inputenc.sty
Package: inputenc 2024/02/08 v1.3d Input encoding file
\inpenc@prehook=\toks18
\inpenc@posthook=\toks19


Package inputenc Warning: inputenc package ignored with utf8 based engines.

) (C:\Users\levie\AppData\Local\Programs\MiKTeX\tex/latex/base\fontenc.sty
Package: fontenc 2025/07/18 v2.1d Standard LaTeX package

(C:\Users\levie\AppData\Local\Programs\MiKTeX\tex/latex/vntex\t5enc.def
File: t5enc.def 2006/11/21 v1.4 Vietnamese T5 encoding
)
LaTeX Font Info:    Trying to load font information for T5+ptm on input line 11
6.

(C:\Users\levie\AppData\Local\Programs\MiKTeX\tex/latex/vntex\t5ptm.fd
File: t5utm.fd 2005/08/24 Fontinst v1.929 font definitions for T5/ptm.
))
(C:\Users\levie\AppData\Local\Programs\MiKTeX\tex/generic/babel\babel.sty
Package: babel 2026/05/20 v26.8 The multilingual framework for LuaLaTeX, pdfLaT
eX and XeLaTeX
\babel@savecnt=\count288
LaTeX Encoding Info:    Redeclaring text command \ij (encoding OT1) on input li
ne 2084.
LaTeX Encoding Info:    Redeclaring text command \IJ (encoding OT1) on input li
ne 2086.
LaTeX Encoding Info:    Redeclaring text command \ij (encoding T1) on input lin
e 2088.
LaTeX Encoding Info:    Redeclaring text command \IJ (encoding T1) on input lin
e 2089.
LaTeX Encoding Info:    Ignoring declaration for text command \ij (encoding ?) 
on input line 2090.
LaTeX Encoding Info:    Ignoring declaration for text command \IJ (encoding ?) 
on input line 2092.
LaTeX Encoding Info:    Ignoring declaration for text command \SS (encoding ?) 
on input line 2117.
\U@D=\dimen174
\l@unhyphenated=\language79

(C:\Users\levie\AppData\Local\Programs\MiKTeX\tex/generic/babel\xebabel.def)
\bbl@readstream=\read2
\bbl@dirlevel=\count289
Package babel Info: Configuration files are deprecated, as
(babel)             they can break document portability.
(babel)             Reported on input line 4228.

*************************************
* Local config file bblopts.cfg used
*
(C:\Users\levie\AppData\Local\Programs\MiKTeX\tex/latex/arabi\bblopts.cfg
File: bblopts.cfg 2005/09/08 v0.1 add Arabic and Farsi to "declared" options of
 babel
)
(C:\Users\levie\AppData\Local\Programs\MiKTeX\tex/generic/babel/locale/vi\babel
-vietnamese.tex)
(C:\Users\levie\AppData\Local\Programs\MiKTeX\tex/generic/babel/locale/en\babel
-english.tex)
Package babel Info: Importing font and identification data for vietnamese
(babel)             from babel-vi.ini. Reported on input line 4356.

(C:\Users\levie\AppData\Local\Programs\MiKTeX\tex/latex/babel-vietnamese\vietna
mese.ldf
Language: vietnamese 


Package babel Warning: No hyphenation patterns were preloaded for
(babel)                the language 'Vietnamese' into the format.
(babel)                Please, configure your TeX system to add them and
(babel)                rebuild the format. Now I will use the patterns
(babel)                preloaded for \language=0 instead on input line 36.

Package babel Info: Hyphen rules for 'vietnamese' set to \l@english
(babel)             (\language0). Reported on input line 37.
Package babel Info: Hyphen rules for 'vietnam' set to \l@english
(babel)             (\language0). Reported on input line 38.
Package babel Info: Making " an active character on input line 147.
)
Package babel Info: Importing font and identification data for english
(babel)             from babel-en.ini. Reported on input line 4356.

(C:\Users\levie\AppData\Local\Programs\MiKTeX\tex/latex/babel-english\english.l
df
Language: english 2017/06/06 v3.3r English support from the babel system
Package babel Info: Hyphen rules for 'canadian' set to \l@english
(babel)             (\language0). Reported on input line 102.
Package babel Info: Hyphen rules for 'australian' set to \l@ukenglish
(babel)             (\language73). Reported on input line 105.
Package babel Info: Hyphen rules for 'newzealand' set to \l@ukenglish
(babel)             (\language73). Reported on input line 108.
))
(C:\Users\levie\AppData\Local\Programs\MiKTeX\tex/latex/amsmath\amsmath.sty
Package: amsmath 2026/05/19 v2.18d AMS math features
\@mathmargin=\skip52

For additional information on amsmath, use the `?' option.
(C:\Users\levie\AppData\Local\Programs\MiKTeX\tex/latex/amsmath\amstext.sty
Package: amstext 2024/11/17 v2.01 AMS text

(C:\Users\levie\AppData\Local\Programs\MiKTeX\tex/latex/amsmath\amsgen.sty
File: amsgen.sty 1999/11/30 v2.0 generic functions
\@emptytoks=\toks20
\ex@=\dimen175
))
(C:\Users\levie\AppData\Local\Programs\MiKTeX\tex/latex/amsmath\amsbsy.sty
Package: amsbsy 1999/11/29 v1.2d Bold Symbols
\pmbraise@=\dimen176
)
(C:\Users\levie\AppData\Local\Programs\MiKTeX\tex/latex/amsmath\amsopn.sty
Package: amsopn 2022/04/08 v2.04 operator names
)
\inf@bad=\count290
LaTeX Info: Redefining \frac on input line 233.
\uproot@=\count291
\leftroot@=\count292
LaTeX Info: Redefining \overline on input line 398.
LaTeX Info: Redefining \colon on input line 409.
\classnum@=\count293
\DOTSCASE@=\count294
LaTeX Info: Redefining \ldots on input line 495.
LaTeX Info: Redefining \dots on input line 498.
LaTeX Info: Redefining \cdots on input line 619.
\Mathstrutbox@=\box55
\strutbox@=\box56
LaTeX Info: Redefining \big on input line 721.
LaTeX Info: Redefining \Big on input line 722.
LaTeX Info: Redefining \bigg on input line 723.
LaTeX Info: Redefining \Bigg on input line 724.
\big@size=\dimen177
LaTeX Font Info:    Redeclaring font encoding OML on input line 742.
LaTeX Font Info:    Redeclaring font encoding OMS on input line 743.
\macc@depth=\count295
LaTeX Info: Redefining \bmod on input line 904.
LaTeX Info: Redefining \pmod on input line 909.
LaTeX Info: Redefining \smash on input line 939.
LaTeX Info: Redefining \relbar on input line 969.
LaTeX Info: Redefining \Relbar on input line 970.
\c@MaxMatrixCols=\count296
\dotsspace@=\muskip17
\c@parentequation=\count297
\dspbrk@lvl=\count298
\tag@help=\toks21
\row@=\count299
\column@=\count300
\maxfields@=\count301
\andhelp@=\toks22
\eqnshift@=\dimen178
\alignsep@=\dimen179
\tagshift@=\dimen180
\tagwidth@=\dimen181
\totwidth@=\dimen182
\lineht@=\dimen183
\@envbody=\toks23
\multlinegap=\skip53
\multlinetaggap=\skip54
\mathdisplay@stack=\toks24
LaTeX Info: Redefining \[ on input line 2965.
LaTeX Info: Redefining \] on input line 2966.
)
(C:\Users\levie\AppData\Local\Programs\MiKTeX\tex/latex/amsfonts\amssymb.sty
Package: amssymb 2013/01/14 v3.01 AMS font symbols

(C:\Users\levie\AppData\Local\Programs\MiKTeX\tex/latex/amsfonts\amsfonts.sty
Package: amsfonts 2013/01/14 v3.01 Basic AMSFonts support
\symAMSa=\mathgroup4
\symAMSb=\mathgroup5
LaTeX Font Info:    Redeclaring math symbol \hbar on input line 98.
LaTeX Font Info:    Overwriting math alphabet `\mathfrak' in version `bold'
(Font)                  U/euf/m/n --> U/euf/b/n on input line 106.
))
(C:\Users\levie\AppData\Local\Programs\MiKTeX\tex/latex/algorithms\algorithmic.
sty
Invalid UTF-8 byte or sequence at line 11 replaced by U+FFFD.
Package: algorithmic 2009/08/24 v0.1 Document Style `algorithmic'
 (C:\Users\levie\AppData\Local\Programs\MiKTeX\tex/latex/base\ifthen.sty
Package: ifthen 2024/03/16 v1.1e Standard LaTeX ifthen package (DPC)
)
(C:\Users\levie\AppData\Local\Programs\MiKTeX\tex/latex/graphics\keyval.sty
Package: keyval 2026-05-17 v1.15 key=value parser (DPC)
\KV@toks@=\toks25
)
\c@ALC@unique=\count302
\c@ALC@line=\count303
\c@ALC@rem=\count304
\c@ALC@depth=\count305
\ALC@tlm=\skip55
\algorithmicindent=\skip56
)
(C:\Users\levie\AppData\Local\Programs\MiKTeX\tex/latex/graphics\graphicx.sty
Package: graphicx 2026-05-17 v1.2e Enhanced LaTeX Graphics (DPC,SPQR)

(C:\Users\levie\AppData\Local\Programs\MiKTeX\tex/latex/graphics\graphics.sty
Package: graphics 2026-05-17 v1.4h Standard LaTeX Graphics (DPC,SPQR)

(C:\Users\levie\AppData\Local\Programs\MiKTeX\tex/latex/graphics\trig.sty
Package: trig 2023/12/02 v1.11 sin cos tan (DPC)
)
(C:\Users\levie\AppData\Local\Programs\MiKTeX\tex/latex/graphics-cfg\graphics.c
fg
File: graphics.cfg 2016/06/04 v1.11 sample graphics configuration
)
Package graphics Info: Driver file: xetex.def on input line 106.

(C:\Users\levie\AppData\Local\Programs\MiKTeX\tex/latex/graphics-def\xetex.def
File: xetex.def 2025/11/01 v5.0p Graphics/color driver for xetex
))
\Gin@req@height=\dimen184
\Gin@req@width=\dimen185
) (C:\Users\levie\AppData\Local\Programs\MiKTeX\tex/latex/base\textcomp.sty
Package: textcomp 2024/04/24 v2.1b Standard LaTeX package
)
(C:\Users\levie\AppData\Local\Programs\MiKTeX\tex/latex/booktabs\booktabs.sty
Package: booktabs 2020/01/12 v1.61803398 Publication quality tables
\heavyrulewidth=\dimen186
\lightrulewidth=\dimen187
\cmidrulewidth=\dimen188
\belowrulesep=\dimen189
\belowbottomsep=\dimen190
\aboverulesep=\dimen191
\abovetopsep=\dimen192
\cmidrulesep=\dimen193
\cmidrulekern=\dimen194
\defaultaddspace=\dimen195
\@cmidla=\count306
\@cmidlb=\count307
\@aboverulesep=\dimen196
\@belowrulesep=\dimen197
\@thisruleclass=\count308
\@lastruleclass=\count309
\@thisrulewidth=\dimen198
)
(C:\Users\levie\AppData\Local\Programs\MiKTeX\tex/latex/hyperref\hyperref.sty
Package: hyperref 2026-04-24 v7.01q Hypertext links for LaTeX

(C:\Users\levie\AppData\Local\Programs\MiKTeX\tex/generic/iftex\iftex.sty
Package: iftex 2024/12/12 v1.0g TeX engine tests
)
(C:\Users\levie\AppData\Local\Programs\MiKTeX\tex/latex/kvsetkeys\kvsetkeys.sty
Package: kvsetkeys 2022-10-05 v1.19 Key value parser (HO)
)
(C:\Users\levie\AppData\Local\Programs\MiKTeX\tex/generic/kvdefinekeys\kvdefine
keys.sty
Package: kvdefinekeys 2019-12-19 v1.6 Define keys (HO)
)
(C:\Users\levie\AppData\Local\Programs\MiKTeX\tex/generic/pdfescape\pdfescape.s
ty
Package: pdfescape 2019/12/09 v1.15 Implements pdfTeX's escape features (HO)

(C:\Users\levie\AppData\Local\Programs\MiKTeX\tex/generic/ltxcmds\ltxcmds.sty
Package: ltxcmds 2023-12-04 v1.26 LaTeX kernel commands for general use (HO)
)
(C:\Users\levie\AppData\Local\Programs\MiKTeX\tex/generic/pdftexcmds\pdftexcmds
.sty
Package: pdftexcmds 2020-06-27 v0.33 Utility functions of pdfTeX for LuaTeX (HO
)

(C:\Users\levie\AppData\Local\Programs\MiKTeX\tex/generic/infwarerr\infwarerr.s
ty
Package: infwarerr 2019/12/03 v1.5 Providing info/warning/error messages (HO)
)
Package pdftexcmds Info: \pdf@primitive is available.
Package pdftexcmds Info: \pdf@ifprimitive is available.
Package pdftexcmds Info: \pdfdraftmode not found.
))
(C:\Users\levie\AppData\Local\Programs\MiKTeX\tex/latex/hycolor\hycolor.sty
Package: hycolor 2020-01-27 v1.10 Color options for hyperref/bookmark (HO)
)
(C:\Users\levie\AppData\Local\Programs\MiKTeX\tex/latex/hyperref\nameref.sty
Package: nameref 2026-01-29 v2.58 Cross-referencing by name of section

(C:\Users\levie\AppData\Local\Programs\MiKTeX\tex/latex/refcount\refcount.sty
Package: refcount 2019/12/15 v3.6 Data extraction from label references (HO)
)
(C:\Users\levie\AppData\Local\Programs\MiKTeX\tex/generic/gettitlestring\gettit
lestring.sty
Package: gettitlestring 2019/12/15 v1.6 Cleanup title references (HO)

(C:\Users\levie\AppData\Local\Programs\MiKTeX\tex/latex/kvoptions\kvoptions.sty
Package: kvoptions 2022-06-15 v3.15 Key value format for package options (HO)
))
\c@section@level=\count310
)
(C:\Users\levie\AppData\Local\Programs\MiKTeX\tex/latex/etoolbox\etoolbox.sty
Package: etoolbox 2025/10/02 v2.5m e-TeX tools for LaTeX (JAW)
\etb@tempcnta=\count311
)
(C:\Users\levie\AppData\Local\Programs\MiKTeX\tex/generic/stringenc\stringenc.s
ty
Package: stringenc 2019/11/29 v1.12 Convert strings between diff. encodings (HO
)
)
\@linkdim=\dimen199
\Hy@linkcounter=\count312
\Hy@pagecounter=\count313
 (C:\Users\levie\AppData\Local\Programs\MiKTeX\tex/latex/hyperref\pd1enc.def
File: pd1enc.def 2026-04-24 v7.01q Hyperref: PDFDocEncoding definition (HO)
) (C:\Users\levie\AppData\Local\Programs\MiKTeX\tex/generic/intcalc\intcalc.sty
Package: intcalc 2019/12/15 v1.3 Expandable calculations with integers (HO)
)
\Hy@SavedSpaceFactor=\count314
 (C:\Users\levie\AppData\Local\Programs\MiKTeX\tex/latex/hyperref\puenc.def
File: puenc.def 2026-04-24 v7.01q Hyperref: PDF Unicode definition (HO)
)
Package hyperref Info: Hyper figures OFF on input line 4199.
Package hyperref Info: Link nesting OFF on input line 4204.
Package hyperref Info: Hyper index ON on input line 4207.
Package hyperref Info: Plain pages OFF on input line 4214.
Package hyperref Info: Backreferencing OFF on input line 4219.
Package hyperref Info: Implicit mode ON; LaTeX internals redefined.
Package hyperref Info: Bookmarks ON on input line 4466.
\c@Hy@tempcnt=\count315

(C:\Users\levie\AppData\Local\Programs\MiKTeX\tex/latex/url\url.sty
\Urlmuskip=\muskip18
Package: url 2013/09/16  ver 3.4  Verb mode for urls, etc.
)
LaTeX Info: Redefining \url on input line 4805.
\XeTeXLinkMargin=\dimen256

(C:\Users\levie\AppData\Local\Programs\MiKTeX\tex/generic/bitset\bitset.sty
Package: bitset 2019/12/09 v1.3 Handle bit-vector datatype (HO)

(C:\Users\levie\AppData\Local\Programs\MiKTeX\tex/generic/bigintcalc\bigintcalc
.sty
Package: bigintcalc 2019/12/15 v1.5 Expandable calculations on big integers (HO
)
))
\Fld@menulength=\count316
\Field@Width=\dimen257
\Fld@charsize=\dimen258
Package hyperref Info: Hyper figures OFF on input line 6091.
Package hyperref Info: Link nesting OFF on input line 6096.
Package hyperref Info: Hyper index ON on input line 6099.
Package hyperref Info: backreferencing OFF on input line 6106.
Package hyperref Info: Link coloring OFF on input line 6111.
Package hyperref Info: Link coloring with OCG OFF on input line 6116.
Package hyperref Info: PDF/A mode OFF on input line 6121.
\Hy@abspage=\count317
\c@Item=\count318
\c@Hfootnote=\count319
)
Package hyperref Info: Driver (autodetected): hxetex.

(C:\Users\levie\AppData\Local\Programs\MiKTeX\tex/latex/hyperref\hxetex.def
File: hxetex.def 2026-04-24 v7.01q Hyperref driver for XeTeX
\pdfm@box=\box57
\c@Hy@AnnotLevel=\count320
\HyField@AnnotCount=\count321
\Fld@listcount=\count322
\c@bookmark@seq@number=\count323

(C:\Users\levie\AppData\Local\Programs\MiKTeX\tex/latex/rerunfilecheck\rerunfil
echeck.sty
Package: rerunfilecheck 2025-06-21 v1.11 Rerun checks for auxiliary files (HO)

(C:\Users\levie\AppData\Local\Programs\MiKTeX\tex/generic/uniquecounter\uniquec
ounter.sty
Package: uniquecounter 2019/12/15 v1.4 Provide unlimited unique counter (HO)
)
Package uniquecounter Info: New unique counter `rerunfilecheck' on input line 2
84.
)
\Hy@SectionHShift=\skip57
)
(C:\Users\levie\AppData\Local\Programs\MiKTeX\tex/latex/multirow\multirow.sty
Package: multirow 2024/11/12 v2.9 Span multiple rows of a table
\multirow@colwidth=\skip58
\multirow@cntb=\count324
\multirow@dima=\skip59
\bigstrutjot=\dimen259
)
(C:\Users\levie\AppData\Local\Programs\MiKTeX\tex/latex/tools\array.sty
Package: array 2026/02/24 v2.7b Tabular extension package (FMi)
\col@sep=\dimen260
\ar@mcellbox=\box58
\extrarowheight=\dimen261
\NC@list=\toks26
\extratabsurround=\skip60
\backup@length=\skip61
\ar@cellbox=\box59
)
(C:\Users\levie\AppData\Local\Programs\MiKTeX\tex/latex/float\float.sty
Package: float 2001/11/08 v1.3d Float enhancements (AL)
\c@float@type=\count325
\float@exts=\toks27
\float@box=\box60
\@float@everytoks=\toks28
\@floatcapt=\box61
)
(C:\Users\levie\AppData\Local\Programs\MiKTeX\tex/latex/l3backend\l3backend-xet
ex.def
File: l3backend-xetex.def 2026-02-18 L3 backend support: XeTeX
\g__graphics_track_int=\count326
\g__pdfannot_backend_int=\count327
\g__pdfannot_backend_link_int=\count328
)
No file latex_paper.aux.
\openout1 = `latex_paper.aux'.

LaTeX Font Info:    Checking defaults for OML/cmm/m/it on input line 15.
LaTeX Font Info:    ... okay on input line 15.
LaTeX Font Info:    Checking defaults for OMS/cmsy/m/n on input line 15.
LaTeX Font Info:    ... okay on input line 15.
LaTeX Font Info:    Checking defaults for OT1/cmr/m/n on input line 15.
LaTeX Font Info:    ... okay on input line 15.
LaTeX Font Info:    Checking defaults for T1/cmr/m/n on input line 15.
LaTeX Font Info:    ... okay on input line 15.
LaTeX Font Info:    Checking defaults for TS1/cmr/m/n on input line 15.
LaTeX Font Info:    ... okay on input line 15.
LaTeX Font Info:    Checking defaults for TU/lmr/m/n on input line 15.
LaTeX Font Info:    ... okay on input line 15.
LaTeX Font Info:    Checking defaults for OMX/cmex/m/n on input line 15.
LaTeX Font Info:    ... okay on input line 15.
LaTeX Font Info:    Checking defaults for U/cmr/m/n on input line 15.
LaTeX Font Info:    ... okay on input line 15.
LaTeX Font Info:    Checking defaults for T5/cmr/m/n on input line 15.
LaTeX Font Info:    Trying to load font information for T5+cmr on input line 15
.
(C:\Users\levie\AppData\Local\Programs\MiKTeX\tex/latex/vntex\t5cmr.fd
File: t5cmr.fd 1999/05/25 v2.5h Standard LaTeX font definitions
)
LaTeX Font Info:    ... okay on input line 15.
LaTeX Font Info:    Checking defaults for PD1/pdf/m/n on input line 15.
LaTeX Font Info:    ... okay on input line 15.
LaTeX Font Info:    Checking defaults for PU/pdf/m/n on input line 15.
LaTeX Font Info:    ... okay on input line 15.

-- Lines per column: 58 (exact).
Package hyperref Info: Link coloring OFF on input line 15.
\@outlinefile=\write3
\openout3 = `latex_paper.out'.


Package hyperref Warning: Rerun to get /PageLabels entry.

Missing character: There is no ậ in font utmb8v!
Missing character: There is no ệ in font utmb8v!
Missing character: There is no ỗ in font utmb8v!
Missing character: There is no ừ in font utmb8v!
Missing character: There is no ả in font utmb8v!
Missing character: There is no ộ in font utmb8v!
Missing character: There is no ạ in font utmb8v!
Missing character: There is no ị in font utmb8v!
Missing character: There is no ế in font utmb8v!
Missing character: There is no ĩ in font utmb8v!
Missing character: There is no đ in font utmb8v!
Missing character: There is no ố in font utmb8v!
Missing character: There is no ớ in font utmb8v!
Missing character: There is no đ in font utmb8v!
Missing character: There is no ị in font utmb8v!
Missing character: There is no ả in font utmb8v!
Missing character: There is no ể in font utmb8v!
Missing character: There is no ư in font utmb8v!
Missing character: There is no ơ in font utmb8v!
Missing character: There is no ạ in font utmb8v!
Missing character: There is no ỗ in font utmb8v!
Missing character: There is no ộ in font utmb8v!
Missing character: There is no ữ in font utmb8v!
Missing character: There is no ệ in font utmb8v!
Missing character: There is no ự in font utmb8v!
Missing character: There is no đ in font utmb8v!
Missing character: There is no ị in font utmb8v!
Missing character: There is no ộ in font utmb8v!
Missing character: There is no ẫ in font utmb8v!
Missing character: There is no ậ in font utmb8v!
Missing character: There is no ư in font utmb8v!
Missing character: There is no ờ in font utmb8v!
Missing character: There is no ề in font utmb8v!
Missing character: There is no ả in font utmb8v!
Missing character: There is no ầ in font utmb8v!
Missing character: There is no ụ in font utmb8v!
Missing character: There is no ị in font utmb8v!
Missing character: There is no ặ in font utmb8v!
Missing character: There is no ắ in font utmb8v!
Missing character: There is no ế in font utmb8v!
Missing character: There is no ả in font utmb8v!
Missing character: There is no đ in font utmb8v!
Missing character: There is no ư in font utmb8v!
Missing character: There is no ợ in font utmb8v!
Missing character: There is no ẫ in font utmb8v!
Missing character: There is no ở in font utmb8v!
Missing character: There is no ấ in font utmb8v!
Missing character: There is no ả in font utmb8v!
Missing character: There is no ậ in font utmb8v!
Missing character: There is no ấ in font utmb8v!
Missing character: There is no ệ in font utmb8v!
Missing character: There is no ậ in font utmb8v!
Missing character: There is no ể in font utmb8v!
Missing character: There is no ử in font utmb8v!
Missing character: There is no ể in font utmb8v!
Missing character: There is no ứ in font utmb8v!
Missing character: There is no đ in font utmb8v!
Missing character: There is no ặ in font utmb8v!
Missing character: There is no ủ in font utmb8v!
Missing character: There is no ộ in font utmb8v!
Missing character: There is no ẫ in font utmb8v!
Missing character: There is no ậ in font utmb8v!
Missing character: There is no ộ in font utmb8v!
Missing character: There is no ụ in font utmb8v!
Missing character: There is no ặ in font utmb8v!
Missing character: There is no ộ in font utmb8v!
Missing character: There is no ề in font utmb8v!
Missing character: There is no ặ in font utmb8v!
Missing character: There is no ỗ in font utmb8v!
Missing character: There is no đ in font utmb8v!
Missing character: There is no ỉ in font utmb8v!
Missing character: There is no ố in font utmb8v!
Missing character: There is no đ in font utmb8v!
Missing character: There is no ể in font utmb8v!
Missing character: There is no ả in font utmb8v!
Missing character: There is no ả in font utmb8v!
Missing character: There is no ă in font utmb8v!
Missing character: There is no ậ in font utmb8v!
Missing character: There is no ạ in font utmb8v!
Missing character: There is no ồ in font utmb8v!
Missing character: There is no ả in font utmb8v!
Missing character: There is no ả in font utmb8v!
Missing character: There is no ă in font utmb8v!
Missing character: There is no ậ in font utmb8v!
Missing character: There is no ệ in font utmb8v!
Missing character: There is no ẫ in font utmb8v!
Missing character: There is no ậ in font utmb8v!
Missing character: There is no ớ in font utmb8v!
Missing character: There is no ấ in font utmb8v!
Missing character: There is no đ in font utmb8v!
Missing character: There is no ề in font utmb8v!
Missing character: There is no ậ in font utmb8v!
Missing character: There is no ỉ in font utmb8v!
Missing character: There is no ằ in font utmb8v!
Missing character: There is no ở in font utmb8v!
Missing character: There is no ế in font utmb8v!
Missing character: There is no ậ in font utmb8v!
Missing character: There is no ệ in font utmb8v!
Missing character: There is no ở in font utmb8v!
Missing character: There is no ữ in font utmb8v!
Missing character: There is no ệ in font utmb8v!
Missing character: There is no đ in font utmb8v!
Missing character: There is no ư in font utmb8v!
Missing character: There is no ợ in font utmb8v!
Missing character: There is no ậ in font utmb8v!
Missing character: There is no ư in font utmb8v!
Missing character: There is no ữ in font utmb8v!
Missing character: There is no ổ in font utmb8v!
Missing character: There is no ứ in font utmb8v!
Missing character: There is no ể in font utmb8v!
Missing character: There is no ử in font utmb8v!
Missing character: There is no ứ in font utmb8v!
Missing character: There is no đ in font utmb8v!
Missing character: There is no ề in font utmb8v!
Missing character: There is no ấ in font utmb8v!
Missing character: There is no ộ in font utmb8v!
Missing character: There is no ư in font utmb8v!
Missing character: There is no ơ in font utmb8v!
Missing character: There is no ổ in font utmb8v!
Missing character: There is no ả in font utmb8v!
Missing character: There is no ề in font utmb8v!
Missing character: There is no ộ in font utmb8v!
Missing character: There is no ự in font utmb8v!
Missing character: There is no ể in font utmb8v!
Missing character: There is no ậ in font utmb8v!
Missing character: There is no đ in font utmb8v!
Missing character: There is no ị in font utmb8v!
Missing character: There is no đ in font utmb8v!
Missing character: There is no ơ in font utmb8v!
Missing character: There is no ị in font utmb8v!
Missing character: There is no ẫ in font utmb8v!
Missing character: There is no ậ in font utmb8v!
Missing character: There is no ữ in font utmb8v!
Missing character: There is no ệ in font utmb8v!
Missing character: There is no ế in font utmb8v!
Missing character: There is no ấ in font utmb8v!
Missing character: There is no ư in font utmb8v!
Missing character: There is no ữ in font utmb8v!
Missing character: There is no ấ in font utmb8v!
Missing character: There is no ể in font utmb8v!
Missing character: There is no ấ in font utmb8v!
Missing character: There is no ư in font utmb8v!
Missing character: There is no ợ in font utmb8v!
Missing character: There is no ữ in font utmb8v!
Missing character: There is no ệ in font utmb8v!
Missing character: There is no ồ in font utmb8v!
Missing character: There is no ề in font utmb8v!
Missing character: There is no ả in font utmb8v!
Missing character: There is no đ in font utmb8v!
Missing character: There is no ự in font utmb8v!
Missing character: There is no ả in font utmb8v!
Missing character: There is no ờ in font utmb8v!
Missing character: There is no ở in font utmb8v!
Missing character: There is no ấ in font utmb8v!
Missing character: There is no ẫ in font utmb8v!
Missing character: There is no ậ in font utmb8v!
Missing character: There is no ằ in font utmb8v!
Missing character: There is no ử in font utmb8v!
Missing character: There is no ụ in font utmb8v!
Missing character: There is no ừ in font utmb8v!
Missing character: There is no ộ in font utmb8v!
Missing character: There is no ấ in font utmb8v!
Missing character: There is no đ in font utmb8v!
Missing character: There is no ặ in font utmb8v!
Missing character: There is no ư in font utmb8v!
Missing character: There is no đ in font utmb8v!
Missing character: There is no ă in font utmb8v!
Missing character: There is no đ in font utmb8v!
Missing character: There is no ể in font utmb8v!
Missing character: There is no ể in font utmb8v!
Missing character: There is no ặ in font utmb8v!
Missing character: There is no ậ in font utmb8v!
Missing character: There is no đ in font utmb8v!
Missing character: There is no ộ in font utmb8v!
Missing character: There is no ầ in font utmb8v!
Missing character: There is no ấ in font utmb8v!
Missing character: There is no ư in font utmb8v!
Missing character: There is no ờ in font utmb8v!
Missing character: There is no Đ in font utmb8v!
Missing character: There is no ộ in font utmb8v!
Missing character: There is no ầ in font utmb8v!
Missing character: There is no đ in font utmb8v!
Missing character: There is no ư in font utmb8v!
Missing character: There is no ợ in font utmb8v!
Missing character: There is no ệ in font utmb8v!
Missing character: There is no ể in font utmb8v!
Missing character: There is no ầ in font utmb8v!
Missing character: There is no ế in font utmb8v!
Missing character: There is no ả in font utmb8v!
Missing character: There is no ằ in font utmb8v!
Missing character: There is no ứ in font utmb8v!
Missing character: There is no ế in font utmb8v!
Missing character: There is no ồ in font utmb8v!
Missing character: There is no ố in font utmb8v!
Missing character: There is no đ in font utmb8v!
Missing character: There is no ư in font utmb8v!
Missing character: There is no ợ in font utmb8v!
Missing character: There is no ụ in font utmb8v!
Missing character: There is no ộ in font utmb8v!
Missing character: There is no ữ in font utmb8v!
Missing character: There is no ệ in font utmb8v!
Missing character: There is no ồ in font utmb8v!
Missing character: There is no ộ in font utmb8v!
Missing character: There is no ế in font utmb8v!
Missing character: There is no ả in font utmb8v!
Missing character: There is no đ in font utmb8v!
Missing character: There is no ố in font utmb8v!
Missing character: There is no ế in font utmb8v!
Missing character: There is no ữ in font utmb8v!
Missing character: There is no ả in font utmb8v!
Missing character: There is no ẫ in font utmb8v!
Missing character: There is no ậ in font utmb8v!
Missing character: There is no ấ in font utmb8v!
Missing character: There is no ỉ in font utmb8v!
Missing character: There is no ố in font utmb8v!
Missing character: There is no ả in font utmb8v!
Missing character: There is no đ in font utmb8v!
Missing character: There is no ổ in font utmb8v!
Missing character: There is no đ in font utmb8v!
Missing character: There is no ơ in font utmb8v!
Missing character: There is no ị in font utmb8v!
Missing character: There is no ấ in font utmb8v!
Missing character: There is no ế in font utmb8v!
Missing character: There is no ả in font utmb8v!
Missing character: There is no đ in font utmb8v!
Missing character: There is no ạ in font utmb8v!
Missing character: There is no ả in font utmb8v!
Missing character: There is no đ in font utmb8v!
Missing character: There is no ể in font utmb8v!
Missing character: There is no ớ in font utmb8v!
Missing character: There is no ả in font utmb8v!
Missing character: There is no đ in font utmb8v!
Missing character: There is no ị in font utmb8v!
Missing character: There is no ề in font utmb8v!
Missing character: There is no đ in font utmb8v!
Missing character: There is no ộ in font utmb8v!
Missing character: There is no ậ in font utmb8v!
Missing character: There is no ủ in font utmb8v!
Missing character: There is no ữ in font utmb8v!
Missing character: There is no ệ in font utmb8v!
Missing character: There is no ạ in font utmb8v!
Missing character: There is no ộ in font utmb8v!
Missing character: There is no ứ in font utmb8v!
Missing character: There is no ậ in font utmb8v!
Missing character: There is no đ in font utmb8v!
Missing character: There is no ư in font utmb8v!
Missing character: There is no ợ in font utmb8v!
Missing character: There is no đ in font utmb8v!
Missing character: There is no ể in font utmb8v!
Missing character: There is no ể in font utmb8v!
Missing character: There is no đ in font utmb8v!
Missing character: There is no ạ in font utmb8v!
Missing character: There is no ặ in font utmb8v!
Missing character: There is no ọ in font utmb8v!
Missing character: There is no ể in font utmb8v!
Missing character: There is no ễ in font utmb8v!
Missing character: There is no ẫ in font utmb8v!
Missing character: There is no ậ in font utmb8v!
Missing character: There is no ư in font utmb8v!
(sections/introduction.tex
Missing character: There is no ậ in font utmr8v!
Missing character: There is no ệ in font utmr8v!
Missing character: There is no ỗ in font utmr8v!
Missing character: There is no ỗ in font utmr8v!
Missing character: There is no ợ in font utmr8v!
Missing character: There is no đ in font utmr8v!
Missing character: There is no ị in font utmr8v!
Missing character: There is no ả in font utmr8v!
Missing character: There is no ấ in font utmr8v!
Missing character: There is no ồ in font utmr8v!
Missing character: There is no ố in font utmr8v!
Missing character: There is no ự in font utmr8v!
Missing character: There is no đ in font utmr8v!
Missing character: There is no ị in font utmr8v!
Missing character: There is no ề in font utmr8v!
Missing character: There is no ư in font utmr8v!
Missing character: There is no ơ in font utmr8v!
Missing character: There is no ạ in font utmr8v!
Missing character: There is no đ in font utmr8v!
Missing character: There is no ư in font utmr8v!
Missing character: There is no ợ in font utmr8v!
Missing character: There is no ả in font utmr8v!
Missing character: There is no ệ in font utmr8v!

LaTeX Warning: Citation `cites' on page 1 undefined on input line 4.

Missing character: There is no ư in font utmr8v!
Missing character: There is no ơ in font utmr8v!
Missing character: There is no ị in font utmr8v!
Missing character: There is no ể in font utmr8v!
Missing character: There is no ự in font utmr8v!
Missing character: There is no ế in font utmr8v!
Missing character: There is no ấ in font utmr8v!
Missing character: There is no ạ in font utmr8v!
Missing character: There is no ỗ in font utmr8v!
Missing character: There is no ư in font utmr8v!
Missing character: There is no ớ in font utmr8v!
Missing character: There is no ớ in font utmr8v!
Missing character: There is no ừ in font utmr8v!
Missing character: There is no ả in font utmr8v!
Missing character: There is no ặ in font utmr8v!
Missing character: There is no ắ in font utmr8v!
Missing character: There is no đ in font utmr8v!
Missing character: There is no ặ in font utmr8v!
Missing character: There is no ư in font utmr8v!
Missing character: There is no ư in font utmr8v!
Missing character: There is no ờ in font utmr8v!
Missing character: There is no ệ in font utmr8v!
Missing character: There is no ấ in font utmr8v!
Missing character: There is no ỏ in font utmr8v!
Missing character: There is no ữ in font utmr8v!
Missing character: There is no ầ in font utmr8v!
Missing character: There is no ề in font utmr8v!
Missing character: There is no ạ in font utmr8v!
Missing character: There is no ộ in font utmr8v!
Missing character: There is no ể in font utmr8v!
Missing character: There is no ế in font utmr8v!
Missing character: There is no ể in font utmr8v!
Missing character: There is no ị in font utmr8v!
Missing character: There is no ấ in font utmr8v!
Missing character: There is no ẫ in font utmr8v!
Missing character: There is no ổ in font utmr8v!
Missing character: There is no ặ in font utmr8v!
Missing character: There is no ắ in font utmr8v!
Missing character: There is no đ in font utmr8v!
Missing character: There is no ề in font utmr8v!
Missing character: There is no ệ in font utmr8v!
Missing character: There is no ậ in font utmr8v!
Missing character: There is no ả in font utmr8v!
Missing character: There is no ữ in font utmr8v!
Missing character: There is no đ in font utmr8v!
Missing character: There is no ặ in font utmr8v!
Missing character: There is no đ in font utmr8v!
Missing character: There is no ể in font utmr8v!
Missing character: There is no ế in font utmr8v!
Missing character: There is no ậ in font utmr8v!
Missing character: There is no ệ in font utmr8v!
Missing character: There is no ỗ in font utmr8v!
Missing character: There is no ộ in font utmr8v!
Missing character: There is no ạ in font utmr8v!
Missing character: There is no ị in font utmr8v!
Missing character: There is no ế in font utmr8v!
Missing character: There is no đ in font utmr8v!
Missing character: There is no ơ in font utmr8v!
Missing character: There is no ầ in font utmr8v!
Missing character: There is no ố in font utmr8v!
Missing character: There is no ư in font utmr8v!
Missing character: There is no ộ in font utmr8v!
Missing character: There is no ộ in font utmr8v!
Missing character: There is no ạ in font utmr8v!
Missing character: There is no ề in font utmr8v!
Missing character: There is no ớ in font utmr8v!

LaTeX Warning: Citation `woodreview' on page 1 undefined on input line 4.


LaTeX Warning: Citation `wu2021' on page 1 undefined on input line 4.

Missing character: There is no ộ in font utmr8v!
Missing character: There is no ă in font utmr8v!
Missing character: There is no đ in font utmr8v!
Missing character: There is no ư in font utmr8v!
Missing character: There is no ợ in font utmr8v!
Missing character: There is no ả in font utmr8v!
Missing character: There is no đ in font utmr8v!
Missing character: There is no ầ in font utmr8v!
Missing character: There is no đ in font utmr8v!
Missing character: There is no ủ in font utmr8v!
Missing character: There is no ấ in font utmr8v!
Missing character: There is no ữ in font utmr8v!
Missing character: There is no ệ in font utmr8v!
Missing character: There is no ộ in font utmr8v!
Missing character: There is no ẫ in font utmr8v!
Missing character: There is no ậ in font utmr8v!
Missing character: There is no ỗ in font utmr8v!
Missing character: There is no ể in font utmr8v!
Missing character: There is no đ in font utmr8v!
Missing character: There is no ư in font utmr8v!
Missing character: There is no ợ in font utmr8v!
Missing character: There is no ụ in font utmr8v!
Missing character: There is no ề in font utmr8v!
Missing character: There is no ầ in font utmr8v!
Missing character: There is no ở in font utmr8v!
Missing character: There is no ề in font utmr8v!
Missing character: There is no ị in font utmr8v!
Missing character: There is no ặ in font utmr8v!
Missing character: There is no ề in font utmr8v!
Missing character: There is no ắ in font utmr8v!
Missing character: There is no ả in font utmr8v!
Missing character: There is no ế in font utmr8v!
Missing character: There is no ả in font utmr8v!
Missing character: There is no ư in font utmr8v!
Missing character: There is no ờ in font utmr8v!
Missing character: There is no ề in font utmr8v!
Missing character: There is no ặ in font utmr8v!
Missing character: There is no đ in font utmr8v!
Missing character: There is no ề in font utmr8v!
Missing character: There is no ệ in font utmr8v!
Missing character: There is no ế in font utmr8v!
Missing character: There is no ế in font utmr8v!
Missing character: There is no ị in font utmr8v!
Missing character: There is no ấ in font utmr8v!
Missing character: There is no ế in font utmr8v!
Missing character: There is no ậ in font utmr8v!
Missing character: There is no ố in font utmr8v!
Missing character: There is no ả in font utmr8v!
Missing character: There is no ả in font utmr8v!
Missing character: There is no ố in font utmr8v!
Missing character: There is no đ in font utmr8v!
Missing character: There is no ộ in font utmr8v!
Missing character: There is no ậ in font utmr8v!
Missing character: There is no ế in font utmr8v!
Missing character: There is no ữ in font utmr8v!
Missing character: There is no ệ in font utmr8v!
Missing character: There is no ẫ in font utmr8v!
Missing character: There is no ả in font utmr8v!
Missing character: There is no ả in font utmr8v!
Missing character: There is no ồ in font utmr8v!
Missing character: There is no ể in font utmr8v!
Missing character: There is no đ in font utmr8v!
Missing character: There is no ồ in font utmr8v!
Missing character: There is no ờ in font utmr8v!
Missing character: There is no ấ in font utmr8v!
Missing character: There is no ệ in font utmr8v!
Missing character: There is no ở in font utmr8v!
Missing character: There is no ậ in font utmr8v!
Missing character: There is no ấ in font utmr8v!
Missing character: There is no ệ in font utmr8v!
Missing character: There is no ể in font utmr8v!
Missing character: There is no đ in font utmr8v!
Missing character: There is no ị in font utmr8v!
Missing character: There is no ể in font utmr8v!
Missing character: There is no ử in font utmr8v!
Missing character: There is no đ in font utmr8v!
Missing character: There is no ể in font utmr8v!
Missing character: There is no ậ in font utmr8v!
Missing character: There is no ụ in font utmr8v!
Missing character: There is no ệ in font utmr8v!
Missing character: There is no ị in font utmr8v!
Missing character: There is no ạ in font utmr8v!
Missing character: There is no ọ in font utmr8v!
Missing character: There is no ẳ in font utmr8v!
Missing character: There is no ạ in font utmr8v!
Missing character: There is no ề in font utmr8v!
Missing character: There is no ế in font utmr8v!
Missing character: There is no ư in font utmr8v!
Missing character: There is no ớ in font utmr8v!
Missing character: There is no ố in font utmr8v!
Missing character: There is no ụ in font utmr8v!
Missing character: There is no ặ in font utmr8v!
Missing character: There is no ễ in font utmr8v!
Missing character: There is no ả in font utmr8v!
Missing character: There is no ế in font utmr8v!
Missing character: There is no ọ in font utmr8v!
Missing character: There is no đ in font utmr8v!
Missing character: There is no ặ in font utmr8v!
Missing character: There is no ư in font utmr8v!
Missing character: There is no ả in font utmr8v!
Missing character: There is no ẫ in font utmr8v!
Missing character: There is no ể in font utmr8v!
Missing character: There is no ể in font utmr8v!
Missing character: There is no ẫ in font utmr8v!
Missing character: There is no ậ in font utmr8v!
Missing character: There is no ớ in font utmr8v!
Missing character: There is no Đ in font utmr8v!
Missing character: There is no ộ in font utmr8v!
Missing character: There is no ạ in font utmr8v!
Missing character: There is no ỉ in font utmr8v!
Missing character: There is no ồ in font utmr8v!
Missing character: There is no ộ in font utmr8v!
Missing character: There is no ấ in font utmr8v!
Missing character: There is no đ in font utmr8v!
Missing character: There is no ề in font utmr8v!
Missing character: There is no đ in font utmr8v!
Missing character: There is no đ in font utmr8v!
Missing character: There is no ư in font utmr8v!
Missing character: There is no ợ in font utmr8v!
Missing character: There is no ậ in font utmr8v!
Missing character: There is no ộ in font utmr8v!
Missing character: There is no ọ in font utmr8v!

LaTeX Warning: Citation `kaufman2012' on page 1 undefined on input line 6.


LaTeX Warning: Citation `roberts2021' on page 1 undefined on input line 6.

Missing character: There is no ậ in font utmr8v!
Missing character: There is no ả in font utmr8v!
LaTeX Font Info:    Trying to load font information for U+msa on input line 9.
(C:\Users\levie\AppData\Local\Programs\MiKTeX\tex/latex/amsfonts\umsa.fd
File: umsa.fd 2013/01/14 v3.01 AMS symbols A
)
LaTeX Font Info:    Trying to load font information for U+msb on input line 9.

(C:\Users\levie\AppData\Local\Programs\MiKTeX\tex/latex/amsfonts\umsb.fd
File: umsb.fd 2013/01/14 v3.01 AMS symbols B
)
Missing character: There is no ậ in font utmr8v!
Missing character: There is no ẫ in font utmr8v!
Missing character: There is no ậ in font utmr8v!
Missing character: There is no ỗ in font utmr8v!
Missing character: There is no ả in font utmr8v!
Missing character: There is no đ in font utmr8v!
Missing character: There is no ư in font utmr8v!
Missing character: There is no ợ in font utmr8v!
Missing character: There is no ạ in font utmr8v!
Missing character: There is no ớ in font utmr8v!
Missing character: There is no ộ in font utmr8v!
Missing character: There is no ẫ in font utmr8v!
Missing character: There is no ậ in font utmr8v!
Missing character: There is no ồ in font utmr8v!
Missing character: There is no ể in font utmr8v!
Missing character: There is no ự in font utmr8v!
Missing character: There is no ế in font utmr8v!
Missing character: There is no ụ in font utmr8v!
Missing character: There is no ự in font utmr8v!
Missing character: There is no đ in font utmr8v!
Missing character: There is no đ in font utmr8v!
Missing character: There is no ủ in font utmr8v!
Missing character: There is no ả in font utmr8v!
Missing character: There is no đ in font utmr8v!
Missing character: There is no ế in font utmr8v!
Missing character: There is no ừ in font utmr8v!
Missing character: There is no ộ in font utmr8v!
Missing character: There is no ẫ in font utmr8v!
Missing character: There is no ậ in font utmr8v!
Missing character: There is no ư in font utmr8v!
Missing character: There is no ừ in font utmr8v!
Missing character: There is no đ in font utmr8v!
Missing character: There is no ư in font utmr8v!
Missing character: There is no ợ in font utmr8v!
Missing character: There is no ể in font utmr8v!
Missing character: There is no đ in font utmr8v!
Missing character: There is no đ in font utmr8v!
Missing character: There is no ơ in font utmr8v!
Missing character: There is no ị in font utmr8v!
Missing character: There is no đ in font utmr8v!
Missing character: There is no ộ in font utmr8v!
Missing character: There is no ậ in font utmr8v!
Missing character: There is no ầ in font utmr8v!
Missing character: There is no đ in font utmr8v!
Missing character: There is no ư in font utmr8v!
Missing character: There is no ợ in font utmr8v!
Missing character: There is no đ in font utmr8v!
Missing character: There is no ị in font utmr8v!
Missing character: There is no ẫ in font utmr8v!
Missing character: There is no ậ in font utmr8v!
Missing character: There is no ả in font utmr8v!
Missing character: There is no ả in font utmr8v!
Missing character: There is no ậ in font utmr8v!
Missing character: There is no ả in font utmr8v!
Missing character: There is no đ in font utmr8v!
Missing character: There is no ư in font utmr8v!
Missing character: There is no ợ in font utmr8v!
Missing character: There is no ừ in font utmr8v!
Missing character: There is no ạ in font utmr8v!
Missing character: There is no ụ in font utmr8v!
Missing character: There is no Đ in font utmr8v!
Missing character: There is no ề in font utmr8v!
Missing character: There is no ệ in font utmr8v!

LaTeX Warning: Reference `eq:group_disjoint' on page 1 undefined on input line 
22.

Missing character: There is no ă in font utmr8v!
Missing character: There is no ỉ in font utmr8v!
Missing character: There is no ẫ in font utmr8v!
Missing character: There is no ậ in font utmr8v!
Missing character: There is no đ in font utmr8v!
Missing character: There is no ị in font utmr8v!
Missing character: There is no ồ in font utmr8v!
Missing character: There is no đ in font utmr8v!
Missing character: There is no đ in font utmr8v!
Missing character: There is no ầ in font utmr8v!
Missing character: There is no đ in font utmr8v!
Missing character: There is no ủ in font utmr8v!
Missing character: There is no đ in font utmr8v!
Missing character: There is no ồ in font utmr8v!
Missing character: There is no ĩ in font utmr8v!
Missing character: There is no ớ in font utmr8v!
Missing character: There is no ệ in font utmr8v!
Missing character: There is no ọ in font utmr8v!
Missing character: There is no ả in font utmr8v!
Missing character: There is no ở in font utmr8v!
Missing character: There is no ậ in font utmr8v!
Missing character: There is no đ in font utmr8v!
Missing character: There is no ề in font utmr8v!
Missing character: There is no ả in font utmr8v!
Missing character: There is no ể in font utmr8v!
Missing character: There is no ễ in font utmr8v!
Missing character: There is no ẫ in font utmr8v!
Missing character: There is no ậ in font utmr8v!
Missing character: There is no ủ in font utmr8v!
Missing character: There is no ể in font utmr8v!
Missing character: There is no ố in font utmr8v!
Missing character: There is no ề in font utmr8v!
Missing character: There is no ặ in font utmr8v!
Missing character: There is no ọ in font utmr8v!
Missing character: There is no ư in font utmr8v!
Missing character: There is no ợ in font utmr8v!
Missing character: There is no ạ in font utmr8v!
Missing character: There is no đ in font utmr8v!
Missing character: There is no ộ in font utmr8v!
Missing character: There is no ư in font utmr8v!
Missing character: There is no ơ in font utmr8v!
Missing character: There is no đ in font utmr8v!
Missing character: There is no ồ in font utmr8v!
Missing character: There is no ỉ in font utmr8v!
Missing character: There is no ệ in font utmr8v!
Missing character: There is no ấ in font utmr8v!
Missing character: There is no ầ in font utmr8v!
Missing character: There is no ể in font utmr8v!
Missing character: There is no ạ in font utmr8v!
Missing character: There is no ồ in font utmr8v!
Missing character: There is no ố in font utmr8v!
Missing character: There is no ặ in font utmr8v!
Missing character: There is no ả in font utmr8v!
Missing character: There is no ầ in font utmr8v!
Missing character: There is no ặ in font utmr8v!
Missing character: There is no ứ in font utmr8v!
Missing character: There is no ự in font utmr8v!
Missing character: There is no ứ in font utmr8v!
Missing character: There is no ỉ in font utmr8v!
Missing character: There is no ự in font utmr8v!
Missing character: There is no ệ in font utmr8v!
Missing character: There is no ọ in font utmr8v!
Missing character: There is no đ in font utmr8v!
Missing character: There is no ể in font utmr8v!
Missing character: There is no ễ in font utmr8v!
Missing character: There is no ả in font utmr8v!
Missing character: There is no ả in font utmr8v!
Missing character: There is no ệ in font utmr8v!
Missing character: There is no ă in font utmr8v!
Missing character: There is no ẫ in font utmr8v!
Missing character: There is no ế in font utmr8v!
Missing character: There is no ả in font utmr8v!
Missing character: There is no ể in font utmr8v!
Missing character: There is no ữ in font utmr8v!
Missing character: There is no ệ in font utmr8v!
Missing character: There is no ầ in font utmr8v!
Missing character: There is no ớ in font utmr8v!
Missing character: There is no ậ in font utmr8v!
Missing character: There is no ệ in font utmr8v!
Missing character: There is no ỗ in font utmr8v!
Missing character: There is no ậ in font utmr8v!
Missing character: There is no đ in font utmr8v!
Missing character: There is no ặ in font utmr8v!
Missing character: There is no ư in font utmr8v!
Missing character: There is no ả in font utmr8v!
Missing character: There is no ế in font utmr8v!
Missing character: There is no ạ in font utmr8v!
Missing character: There is no ặ in font utmr8v!
Missing character: There is no ụ in font utmr8v!

LaTeX Warning: Citation `fabijanska2021' on page 1 undefined on input line 25.


LaTeX Warning: Citation `wu2021' on page 1 undefined on input line 25.

Missing character: There is no ư in font utmr8v!
Missing character: There is no ớ in font utmr8v!
Missing character: There is no ầ in font utmr8v!
Missing character: There is no ế in font utmr8v!
Missing character: There is no ư in font utmr8v!
Missing character: There is no ỉ in font utmr8v!
Missing character: There is no ả in font utmr8v!
Missing character: There is no ế in font utmr8v!
Missing character: There is no ộ in font utmr8v!
Missing character: There is no ầ in font utmr8v!
Missing character: There is no ủ in font utmr8v!
Missing character: There is no ề in font utmr8v!
Missing character: There is no ẫ in font utmr8v!
Missing character: There is no ậ in font utmr8v!
Missing character: There is no ụ in font utmr8v!
Missing character: There is no ệ in font utmr8v!
Missing character: There is no ữ in font utmr8v!
Missing character: There is no ả in font utmr8v!
Missing character: There is no đ in font utmr8v!
Missing character: There is no ư in font utmr8v!
Missing character: There is no ợ in font utmr8v!
Missing character: There is no ậ in font utmr8v!
Missing character: There is no ừ in font utmr8v!
Missing character: There is no ậ in font utmr8v!
Missing character: There is no ệ in font utmr8v!
Missing character: There is no ậ in font utmr8v!
Missing character: There is no ữ in font utmr8v!
Missing character: There is no ệ in font utmr8v!
Missing character: There is no ể in font utmr8v!
Missing character: There is no đ in font utmr8v!
Missing character: There is no ộ in font utmr8v!
Missing character: There is no ậ in font utmr8v!
Missing character: There is no ữ in font utmr8v!
Missing character: There is no ậ in font utmr8v!
Missing character: There is no ở in font utmr8v!
Missing character: There is no ă in font utmr8v!
Missing character: There is no ư in font utmr8v!
Missing character: There is no ơ in font utmr8v!
Missing character: There is no ự in font utmr8v!
Missing character: There is no ộ in font utmr8v!
Missing character: There is no ỉ in font utmr8v!
Missing character: There is no đ in font utmr8v!
Missing character: There is no ậ in font utmr8v!
Missing character: There is no đ in font utmr8v!
Missing character: There is no ị in font utmr8v!
Missing character: There is no ĩ in font utmr8v!
Missing character: There is no đ in font utmr8v!
Missing character: There is no ư in font utmr8v!
Missing character: There is no ợ in font utmr8v!
Missing character: There is no ư in font utmr8v!
Missing character: There is no ế in font utmr8v!
Missing character: There is no ể in font utmr8v!
Missing character: There is no ể in font utmr8v!
Missing character: There is no ế in font utmr8v!
Missing character: There is no ứ in font utmr8v!
Missing character: There is no ể in font utmr8v!
Missing character: There is no ọ in font utmr8v!
Missing character: There is no ừ in font utmr8v!
Missing character: There is no ố in font utmr8v!
Missing character: There is no ư in font utmr8v!
Missing character: There is no đ in font utmr8v!
Missing character: There is no ể in font utmr8v!
Missing character: There is no ố in font utmr8v!
Missing character: There is no ự in font utmr8v!
Missing character: There is no ữ in font utmr8v!
Missing character: There is no ệ in font utmr8v!
Missing character: There is no ể in font utmr8v!
Missing character: There is no ể in font utmr8v!
Missing character: There is no ậ in font utmr8v!
Missing character: There is no ệ in font utmr8v!
Missing character: There is no ẫ in font utmr8v!
Missing character: There is no ậ in font utmr8v!
Missing character: There is no ớ in font utmr8v!
Missing character: There is no ư in font utmr8v!
Missing character: There is no ơ in font utmr8v!
Missing character: There is no đ in font utmr8v!
Missing character: There is no ư in font utmr8v!
Missing character: There is no ợ in font utmr8v!
Missing character: There is no đ in font utmr8v!
Missing character: There is no ề in font utmr8v!
Missing character: There is no ấ in font utmr8v!
Missing character: There is no ủ in font utmr8v!
Missing character: There is no đ in font utmr8v!
Missing character: There is no ờ in font utmr8v!
Missing character: There is no ữ in font utmr8v!
Missing character: There is no ệ in font utmr8v!
Missing character: There is no đ in font utmr8v!
Missing character: There is no ị in font utmr8v!
Missing character: There is no đ in font utmr8v!
Missing character: There is no ơ in font utmr8v!
Missing character: There is no ị in font utmr8v!
Missing character: There is no ẫ in font utmr8v!
Missing character: There is no ậ in font utmr8v!
Missing character: There is no ậ in font utmr8v!
Missing character: There is no ư in font utmr8v!
Missing character: There is no ữ in font utmr8v!
Missing character: There is no ệ in font utmr8v!
Missing character: There is no ồ in font utmr8v!
Missing character: There is no ố in font utmr8v!
Missing character: There is no ổ in font utmr8v!
Missing character: There is no ứ in font utmr8v!
Missing character: There is no ữ in font utmr8v!
Missing character: There is no ệ in font utmr8v!
Missing character: There is no ằ in font utmr8v!
Missing character: There is no ệ in font utmr8v!
Missing character: There is no ể in font utmr8v!
Missing character: There is no ặ in font utmr8v!
Missing character: There is no ẹ in font utmr8v!
Missing character: There is no đ in font utmr8v!
Missing character: There is no ớ in font utmr8v!
Missing character: There is no ấ in font utmr8v!
Missing character: There is no ệ in font utmr8v!
Missing character: There is no đ in font utmr8v!
Missing character: There is no ầ in font utmr8v!
Missing character: There is no ổ in font utmr8v!
Missing character: There is no ữ in font utmr8v!
Missing character: There is no ệ in font utmr8v!
Missing character: There is no ủ in font utmr8v!
Missing character: There is no ộ in font utmr8v!
Missing character: There is no đ in font utmr8v!
Missing character: There is no ư in font utmr8v!
Missing character: There is no ơ in font utmr8v!
Missing character: There is no đ in font utmr8v!
Missing character: There is no ồ in font utmr8v!
Missing character: There is no Đ in font utmr8v!
Missing character: There is no ề in font utmr8v!
Missing character: There is no ấ in font utmr8v!
Missing character: There is no ộ in font utmr8v!
Missing character: There is no ổ in font utmr8v!
Missing character: There is no ữ in font utmr8v!
Missing character: There is no ệ in font utmr8v!
Missing character: There is no ả in font utmr8v!
Missing character: There is no ề in font utmr8v!
Missing character: There is no ự in font utmr8v!
Missing character: There is no ể in font utmr8v!
Missing character: There is no ậ in font utmr8v!
Missing character: There is no ồ in font utmr8v!
Missing character: There is no ư in font utmr8v!
Missing character: There is no ớ in font utmr8v!
Missing character: There is no ậ in font utmr8v!
Missing character: There is no ư in font utmr8v!
Missing character: There is no ữ in font utmr8v!
Missing character: There is no ế in font utmr8v!
Missing character: There is no ể in font utmr8v!
Missing character: There is no đ in font utmr8v!
Missing character: There is no ự in font utmr8v!
Missing character: There is no ộ in font utmr8v!
Missing character: There is no ơ in font utmr8v!
Missing character: There is no ế in font utmr8v!
Missing character: There is no ồ in font utmr8v!
Missing character: There is no ầ in font utmr8v!
Missing character: There is no ể in font utmr8v!
Missing character: There is no đ in font utmr8v!
Missing character: There is no ể in font utmr8v!
Missing character: There is no ệ in font utmr8v!
Missing character: There is no ặ in font utmr8v!
Missing character: There is no ậ in font utmr8v!
Missing character: There is no ầ in font utmr8v!
Missing character: There is no đ in font utmr8v!
Missing character: There is no ư in font utmr8v!
Missing character: There is no ợ in font utmr8v!
Missing character: There is no ơ in font utmr8v!
Missing character: There is no ế in font utmr8v!
Missing character: There is no ữ in font utmr8v!
Missing character: There is no ộ in font utmr8v!
Missing character: There is no ả in font utmr8v!
Missing character: There is no ủ in font utmr8v!
Missing character: There is no ộ in font utmr8v!
Missing character: There is no ẫ in font utmr8v!
Missing character: There is no ậ in font utmr8v!
Missing character: There is no đ in font utmr8v!
Missing character: There is no ộ in font utmr8v!
Missing character: There is no ậ in font utmr8v!
[1


]
Missing character: There is no ợ in font utmr8v!
Missing character: There is no ứ in font utmr8v!
Missing character: There is no ữ in font utmr8v!
Missing character: There is no ệ in font utmr8v!
Missing character: There is no ớ in font utmr8v!
Missing character: There is no ậ in font utmr8v!
Missing character: There is no ệ in font utmr8v!
Missing character: There is no ọ in font utmr8v!
Missing character: There is no ể in font utmr8v!
Missing character: There is no ễ in font utmr8v!
Missing character: There is no ọ in font utmr8v!
Missing character: There is no ự in font utmr8v!
Missing character: There is no ọ in font utmr8v!
Missing character: There is no ố in font utmr8v!
Missing character: There is no đ in font utmr8v!
Missing character: There is no ư in font utmr8v!
Missing character: There is no ợ in font utmr8v!
Missing character: There is no ể in font utmr8v!
Missing character: There is no ậ in font utmr8v!
Missing character: There is no ể in font utmr8v!
Missing character: There is no ử in font utmr8v!
Missing character: There is no ỉ in font utmr8v!
Missing character: There is no đ in font utmr8v!
Missing character: There is no ể in font utmr8v!
Missing character: There is no ố in font utmr8v!
Missing character: There is no ẫ in font utmr8v!
Missing character: There is no ậ in font utmr8v!
Missing character: There is no ị in font utmr8v!
Missing character: There is no ữ in font utmr8v!
Missing character: There is no ạ in font utmr8v!
Missing character: There is no ự in font utmr8v!
Missing character: There is no ệ in font utmr8v!
Missing character: There is no ộ in font utmr8v!
Missing character: There is no ữ in font utmr8v!
Missing character: There is no ệ in font utmr8v!
Missing character: There is no ồ in font utmr8v!
Missing character: There is no ộ in font utmr8v!
Missing character: There is no đ in font utmr8v!
Missing character: There is no ồ in font utmr8v!
Missing character: There is no ờ in font utmr8v!
Missing character: There is no đ in font utmr8v!
Missing character: There is no ị in font utmr8v!
Missing character: There is no ư in font utmr8v!
Missing character: There is no ợ in font utmr8v!
Missing character: There is no đ in font utmr8v!
Missing character: There is no ộ in font utmr8v!
Missing character: There is no ạ in font utmr8v!
Missing character: There is no ủ in font utmr8v!
Missing character: There is no ế in font utmr8v!
Missing character: There is no ả in font utmr8v!
Missing character: There is no đ in font utmr8v!
Missing character: There is no ố in font utmr8v!
Missing character: There is no ớ in font utmr8v!
Missing character: There is no đ in font utmr8v!
Missing character: There is no ơ in font utmr8v!
Missing character: There is no ị in font utmr8v!
Missing character: There is no ữ in font utmr8v!
Missing character: There is no ệ in font utmr8v!
Missing character: There is no ấ in font utmr8v!
Missing character: There is no ư in font utmr8v!
Missing character: There is no ơ in font utmr8v!
Missing character: There is no ạ in font utmr8v!
Missing character: There is no ệ in font utmr8v!
Missing character: There is no ố in font utmr8v!
Missing character: There is no ậ in font utmr8v!
Missing character: There is no ệ in font utmr8v!
Missing character: There is no ỗ in font utmr8v!
Missing character: There is no ề in font utmr8v!
Missing character: There is no ố in font utmr8v!
Missing character: There is no ự in font utmr8v!
Missing character: There is no ả in font utmr8v!
Missing character: There is no ả in font utmr8v!
Missing character: There is no ẫ in font utmr8v!
Missing character: There is no ặ in font utmr8v!
Missing character: There is no đ in font utmr8v!
Missing character: There is no ặ in font utmr8v!
Missing character: There is no ư in font utmr8v!
Missing character: There is no ế in font utmr8v!
Missing character: There is no ế in font utmr8v!
Missing character: There is no ủ in font utmr8v!
Missing character: There is no ứ in font utmr8v!
Missing character: There is no ầ in font utmr8v!
Missing character: There is no đ in font utmr8v!
Missing character: There is no ể in font utmr8v!
Missing character: There is no ọ in font utmr8v!
Missing character: There is no ể in font utmr8v!
Missing character: There is no đ in font utmr8v!
Missing character: There is no ể in font utmr8v!
Missing character: There is no ấ in font utmr8v!
Missing character: There is no đ in font utmr8v!
Missing character: There is no ặ in font utmr8v!
Missing character: There is no ư in font utmr8v!
Missing character: There is no ự in font utmr8v!
Missing character: There is no ế in font utmr8v!
Missing character: There is no ừ in font utmr8v!
Missing character: There is no ả in font utmr8v!
Missing character: There is no ặ in font utmr8v!
Missing character: There is no ắ in font utmr8v!
Missing character: There is no ả in font utmr8v!
Missing character: There is no ặ in font utmr8v!
Missing character: There is no ả in font utmr8v!
Missing character: There is no ặ in font utmr8v!
Missing character: There is no ả in font utmr8v!
Missing character: There is no ẫ in font utmr8v!

LaTeX Warning: Citation `fabijanska2021' on page 2 undefined on input line 41.


LaTeX Warning: Citation `wu2021' on page 2 undefined on input line 41.


LaTeX Warning: Citation `woodreview' on page 2 undefined on input line 41.

Missing character: There is no ế in font utmr8v!
Missing character: There is no ả in font utmr8v!
Missing character: There is no ủ in font utmr8v!
Missing character: There is no ứ in font utmr8v!
Missing character: There is no ấ in font utmr8v!
Missing character: There is no ề in font utmr8v!
Missing character: There is no ă in font utmr8v!
Missing character: There is no ủ in font utmr8v!
Missing character: There is no ọ in font utmr8v!
Missing character: There is no đ in font utmr8v!
Missing character: There is no ồ in font utmr8v!
Missing character: There is no ờ in font utmr8v!
Missing character: There is no ỉ in font utmr8v!
Missing character: There is no ự in font utmr8v!
Missing character: There is no ụ in font utmr8v!
Missing character: There is no ộ in font utmr8v!
Missing character: There is no ạ in font utmr8v!
Missing character: There is no ạ in font utmr8v!
Missing character: There is no ả in font utmr8v!
Missing character: There is no đ in font utmr8v!
Missing character: There is no ộ in font utmr8v!
Missing character: There is no đ in font utmr8v!
Missing character: There is no ạ in font utmr8v!
Missing character: There is no ẩ in font utmr8v!
Missing character: There is no ị in font utmr8v!
Missing character: There is no ề in font utmr8v!
Missing character: There is no ặ in font utmr8v!
Missing character: There is no ầ in font utmr8v!
Missing character: There is no ộ in font utmr8v!
Missing character: There is no ữ in font utmr8v!
Missing character: There is no ệ in font utmr8v!
Missing character: There is no ế in font utmr8v!
Missing character: There is no đ in font utmr8v!
Missing character: There is no ạ in font utmr8v!
Missing character: There is no đ in font utmr8v!
Missing character: There is no ề in font utmr8v!
Missing character: There is no ệ in font utmr8v!
Missing character: There is no đ in font utmr8v!
Missing character: There is no ể in font utmr8v!
Missing character: There is no ộ in font utmr8v!
Missing character: There is no ố in font utmr8v!
Missing character: There is no ả in font utmr8v!
Missing character: There is no ữ in font utmr8v!
Missing character: There is no ệ in font utmr8v!
Missing character: There is no đ in font utmr8v!
Missing character: There is no ư in font utmr8v!
Missing character: There is no ợ in font utmr8v!
Missing character: There is no ể in font utmr8v!
Missing character: There is no ỉ in font utmr8v!
Missing character: There is no ả in font utmr8v!
Missing character: There is no ọ in font utmr8v!
Missing character: There is no ặ in font utmr8v!
Missing character: There is no đ in font utmr8v!
Missing character: There is no ử in font utmr8v!
Missing character: There is no ụ in font utmr8v!
Missing character: There is no ợ in font utmr8v!
Missing character: There is no ệ in font utmr8v!
Missing character: There is no ạ in font utmr8v!
Missing character: There is no ờ in font utmr8v!
Missing character: There is no đ in font utmr8v!
Missing character: There is no ể in font utmr8v!
Missing character: There is no ự in font utmr8v!
Missing character: There is no đ in font utmr8v!

LaTeX Warning: Citation `kaufman2012' on page 2 undefined on input line 44.

Missing character: There is no ớ in font utmr8v!
Missing character: There is no ữ in font utmr8v!
Missing character: There is no ệ in font utmr8v!
Missing character: There is no đ in font utmr8v!
Missing character: There is no ặ in font utmr8v!
Missing character: There is no ạ in font utmr8v!
Missing character: There is no ệ in font utmr8v!
Missing character: There is no đ in font utmr8v!
Missing character: There is no ể in font utmr8v!
Missing character: There is no ộ in font utmr8v!
Missing character: There is no ồ in font utmr8v!
Missing character: There is no ấ in font utmr8v!
Missing character: There is no ệ in font utmr8v!
Missing character: There is no ở in font utmr8v!
Missing character: There is no ề in font utmr8v!
Missing character: There is no ậ in font utmr8v!
Missing character: There is no ạ in font utmr8v!
Missing character: There is no ả in font utmr8v!
Missing character: There is no đ in font utmr8v!
Missing character: There is no ị in font utmr8v!
Missing character: There is no đ in font utmr8v!
Missing character: There is no ộ in font utmr8v!
Missing character: There is no ậ in font utmr8v!
Missing character: There is no ủ in font utmr8v!
Missing character: There is no đ in font utmr8v!
Missing character: There is no ệ in font utmr8v!
Missing character: There is no ừ in font utmr8v!
Missing character: There is no ả in font utmr8v!
Missing character: There is no ấ in font utmr8v!
Missing character: There is no ề in font utmr8v!
Missing character: There is no ế in font utmr8v!
Missing character: There is no ế in font utmr8v!
Missing character: There is no ậ in font utmr8v!
Missing character: There is no ữ in font utmr8v!
Missing character: There is no ệ in font utmr8v!
Missing character: There is no ệ in font utmr8v!
Missing character: There is no ể in font utmr8v!
Missing character: There is no ồ in font utmr8v!
Missing character: There is no ể in font utmr8v!
Missing character: There is no ẫ in font utmr8v!
Missing character: There is no đ in font utmr8v!
Missing character: There is no ế in font utmr8v!
Missing character: There is no ế in font utmr8v!
Missing character: There is no ậ in font utmr8v!
Missing character: There is no ạ in font utmr8v!

LaTeX Warning: Citation `roberts2021' on page 2 undefined on input line 44.

Missing character: There is no ắ in font utmr8v!
Missing character: There is no ể in font utmr8v!
Missing character: There is no ả in font utmr8v!
Missing character: There is no ỗ in font utmr8v!
Missing character: There is no ồ in font utmr8v!
Missing character: There is no ầ in font utmr8v!
Missing character: There is no ậ in font utmr8v!
Missing character: There is no ẫ in font utmr8v!
Missing character: There is no ậ in font utmr8v!
Missing character: There is no ặ in font utmr8v!
Missing character: There is no ế in font utmr8v!
Missing character: There is no ợ in font utmr8v!
Missing character: There is no ớ in font utmr8v!
Missing character: There is no ụ in font utmr8v!
Missing character: There is no ể in font utmr8v!
Missing character: There is no ộ in font utmr8v!
Missing character: There is no ấ in font utmr8v!
Missing character: There is no ồ in font utmr8v!
Missing character: There is no ộ in font utmr8v!
Missing character: There is no ơ in font utmr8v!
Missing character: There is no ư in font utmr8v!
Missing character: There is no ậ in font utmr8v!
Missing character: There is no ụ in font utmr8v!
Missing character: There is no ọ in font utmr8v!
Missing character: There is no ả in font utmr8v!
Missing character: There is no ổ in font utmr8v!
Missing character: There is no ứ in font utmr8v!
Missing character: There is no ớ in font utmr8v!
Missing character: There is no ầ in font utmr8v!
Missing character: There is no ớ in font utmr8v!
Missing character: There is no ệ in font utmr8v!
Missing character: There is no ơ in font utmr8v!
Missing character: There is no ụ in font utmr8v!
Missing character: There is no ư in font utmr8v!
Missing character: There is no ữ in font utmr8v!
Missing character: There is no đ in font utmr8v!
Missing character: There is no ạ in font utmr8v!
Missing character: There is no ệ in font utmr8v!
Missing character: There is no ổ in font utmr8v!
Missing character: There is no ế in font utmr8v!

LaTeX Warning: Citation `arcface' on page 2 undefined on input line 47.


LaTeX Warning: Citation `multisimilarity' on page 2 undefined on input line 47.



LaTeX Warning: Citation `circleloss' on page 2 undefined on input line 47.


LaTeX Warning: Citation `supcon' on page 2 undefined on input line 47.

Missing character: There is no ọ in font utmr8v!
Missing character: There is no ự in font utmr8v!
Missing character: There is no ư in font utmr8v!
Missing character: There is no ũ in font utmr8v!
Missing character: There is no ữ in font utmr8v!
Missing character: There is no ữ in font utmr8v!
Missing character: There is no ệ in font utmr8v!
Missing character: There is no ạ in font utmr8v!
Missing character: There is no ế in font utmr8v!

LaTeX Warning: Citation `simclr' on page 2 undefined on input line 47.


LaTeX Warning: Citation `byol' on page 2 undefined on input line 47.


LaTeX Warning: Citation `simsiam' on page 2 undefined on input line 47.


LaTeX Warning: Citation `barlow' on page 2 undefined on input line 47.

Missing character: There is no ộ in font utmr8v!
Missing character: There is no ố in font utmr8v!
Missing character: There is no ỉ in font utmr8v!
Missing character: There is no ĩ in font utmr8v!
Missing character: There is no đ in font utmr8v!
Missing character: There is no ư in font utmr8v!
Missing character: There is no ợ in font utmr8v!
Missing character: There is no đ in font utmr8v!
Missing character: There is no ồ in font utmr8v!
Missing character: There is no ư in font utmr8v!
Missing character: There is no ứ in font utmr8v!
Missing character: There is no ọ in font utmr8v!
Missing character: There is no ể in font utmr8v!
Missing character: There is no ễ in font utmr8v!
Missing character: There is no ầ in font utmr8v!
Missing character: There is no ậ in font utmr8v!
Missing character: There is no ệ in font utmr8v!
Missing character: There is no đ in font utmr8v!
Missing character: There is no ặ in font utmr8v!
Missing character: There is no ủ in font utmr8v!
Missing character: There is no ứ in font utmr8v!
Missing character: There is no ả in font utmr8v!
Missing character: There is no ị in font utmr8v!
Missing character: There is no ữ in font utmr8v!
Missing character: There is no ệ in font utmr8v!
) (sections/methodology.tex
Missing character: There is no ộ in font utmr8v!
Missing character: There is no ộ in font utmr8v!
Missing character: There is no ự in font utmr8v!
Missing character: There is no ể in font utmr8v!
Missing character: There is no ậ in font utmr8v!
Missing character: There is no ề in font utmr8v!
Missing character: There is no ả in font utmr8v!
Missing character: There is no ư in font utmr8v!
Missing character: There is no ơ in font utmr8v!
Missing character: There is no ồ in font utmr8v!
Missing character: There is no ă in font utmr8v!
Missing character: There is no ứ in font utmr8v!
Missing character: There is no ự in font utmr8v!
Missing character: There is no đ in font utmr8v!
Missing character: There is no ị in font utmr8v!
Missing character: There is no đ in font utmr8v!
Missing character: There is no ơ in font utmr8v!
Missing character: There is no ị in font utmr8v!
Missing character: There is no ồ in font utmr8v!
Missing character: There is no ế in font utmr8v!
Missing character: There is no ạ in font utmr8v!
Missing character: There is no ậ in font utmr8v!
Missing character: There is no ư in font utmr8v!
Missing character: There is no ữ in font utmr8v!
Missing character: There is no ế in font utmr8v!
Missing character: There is no ể in font utmr8v!
Missing character: There is no ữ in font utmr8v!
Missing character: There is no ệ in font utmr8v!
Missing character: There is no ổ in font utmr8v!
Missing character: There is no ồ in font utmr8v!
Missing character: There is no ậ in font utmr8v!
Missing character: There is no ể in font utmr8v!
Missing character: There is no ử in font utmr8v!
Missing character: There is no ấ in font utmr8v!
Missing character: There is no ệ in font utmr8v!
Missing character: There is no ự in font utmr8v!
Missing character: There is no ọ in font utmr8v!
Missing character: There is no ứ in font utmr8v!
Missing character: There is no ự in font utmr8v!
Missing character: There is no ĩ in font utmr8v!
Missing character: There is no ư in font utmr8v!
Missing character: There is no ơ in font utmr8v!
Missing character: There is no ậ in font utmr8v!
Missing character: There is no ồ in font utmr8v!
Missing character: There is no ố in font utmr8v!
Missing character: There is no ả in font utmr8v!
Missing character: There is no ồ in font utmr8v!
Missing character: There is no ạ in font utmr8v!
Missing character: There is no ư in font utmr8v!
Missing character: There is no ớ in font utmr8v!
Missing character: There is no ữ in font utmr8v!
Missing character: There is no ệ in font utmr8v!
Missing character: There is no đ in font utmr8v!
Missing character: There is no ư in font utmr8v!
Missing character: There is no ợ in font utmr8v!
Missing character: There is no đ in font utmr8v!
Missing character: There is no ư in font utmr8v!
Missing character: There is no ợ in font utmr8v!
Missing character: There is no ễ in font utmr8v!
Missing character: There is no ư in font utmr8v!
Missing character: There is no ợ in font utmr8v!
Missing character: There is no ừ in font utmr8v!
Missing character: There is no ế in font utmr8v!
Missing character: There is no ả in font utmr8v!
Missing character: There is no ỗ in font utmr8v!
Missing character: There is no đ in font utmr8v!
Missing character: There is no ơ in font utmr8v!
Missing character: There is no ị in font utmr8v!
Missing character: There is no ồ in font utmr8v!
Missing character: There is no ố in font utmr8v!
Missing character: There is no ể in font utmr8v!
Missing character: There is no ẫ in font utmri8v!
Missing character: There is no ậ in font utmri8v!
Missing character: There is no ậ in font utmri8v!
Missing character: There is no ụ in font utmr8v!
Missing character: There is no ể in font utmr8v!
Missing character: There is no đ in font utmr8v!
Missing character: There is no ơ in font utmr8v!
Missing character: There is no ị in font utmr8v!
Missing character: There is no ể in font utmr8v!
Missing character: There is no đ in font utmr8v!
Missing character: There is no ư in font utmr8v!
Missing character: There is no ợ in font utmr8v!
Missing character: There is no ở in font utmr8v!
Missing character: There is no ộ in font utmr8v!
Missing character: There is no ậ in font utmr8v!
Missing character: There is no ặ in font utmr8v!
Missing character: There is no ụ in font utmr8v!
Missing character: There is no ụ in font utmr8v!
Missing character: There is no ế in font utmr8v!
Missing character: There is no ệ in font utmr8v!
Missing character: There is no ố in font utmr8v!
Missing character: There is no ầ in font utmr8v!
Missing character: There is no ổ in font utmr8v!
Missing character: There is no ớ in font utmr8v!
Missing character: There is no ẫ in font utmr8v!
Missing character: There is no ậ in font utmr8v!
Missing character: There is no ộ in font utmr8v!
Missing character: There is no ả in font utmr8v!
Missing character: There is no đ in font utmr8v!
Missing character: There is no ư in font utmr8v!
Missing character: There is no ợ in font utmr8v!
Missing character: There is no đ in font utmr8v!
Missing character: There is no ặ in font utmr8v!
Missing character: There is no ộ in font utmr8v!
Missing character: There is no ậ in font utmr8v!
Missing character: There is no ả in font utmr8v!
Missing character: There is no đ in font utmr8v!
Missing character: There is no ị in font utmr8v!
Missing character: There is no ằ in font utmr8v!
Missing character: There is no ư in font utmr8v!
Missing character: There is no ụ in font utmr8v!
Missing character: There is no ư in font utmr8v!
Missing character: There is no ơ in font utmr8v!
Missing character: There is no đ in font utmr8v!
Missing character: There is no ư in font utmr8v!
Missing character: There is no ơ in font utmr8v!
Missing character: There is no ẫ in font utmr8v!
Missing character: There is no ậ in font utmr8v!
Missing character: There is no ự in font utmr8v!
Missing character: There is no ư in font utmr8v!
Missing character: There is no ơ in font utmr8v!
Missing character: There is no đ in font utmr8v!
Missing character: There is no ư in font utmr8v!
Missing character: There is no ơ in font utmr8v!
Missing character: There is no ả in font utmr8v!
Missing character: There is no đ in font utmr8v!
Missing character: There is no ư in font utmr8v!
Missing character: There is no ợ in font utmr8v!
Missing character: There is no ậ in font utmr8v!
Missing character: There is no ỗ in font utmr8v!
Missing character: There is no ẫ in font utmr8v!
Missing character: There is no ậ in font utmr8v!
Missing character: There is no đ in font utmr8v!
Missing character: There is no ư in font utmr8v!
Missing character: There is no ợ in font utmr8v!
Missing character: There is no ấ in font utmr8v!
Missing character: There is no ộ in font utmr8v!
LaTeX Font Info:    Trying to load font information for T5+pcr on input line 10
.
(C:\Users\levie\AppData\Local\Programs\MiKTeX\tex/latex/vntex\t5pcr.fd
File: t5ucr.fd 2005/08/24 Fontinst v1.929 font definitions for T5/pcr.
)
Missing character: There is no ấ in font utmr8v!
Missing character: There is no ế in font utmr8v!
Missing character: There is no ỗ in font utmr8v!
Missing character: There is no ầ in font utmr8v!
Missing character: There is no ậ in font utmr8v!
Missing character: There is no đ in font utmr8v!
Missing character: There is no ư in font utmr8v!
Missing character: There is no ợ in font utmr8v!
Missing character: There is no ấ in font utmr8v!
Missing character: There is no ỗ in font utmr8v!
Missing character: There is no ệ in font utmr8v!
Missing character: There is no ả in font utmr8v!
Missing character: There is no đ in font utmr8v!
Missing character: There is no ư in font utmr8v!
Missing character: There is no ờ in font utmr8v!
Missing character: There is no ẫ in font utmr8v!
Missing character: There is no ặ in font utmr8v!
Missing character: There is no ă in font utmr8v!
Missing character: There is no ộ in font utmr8v!
Missing character: There is no ầ in font utmr8v!
Missing character: There is no ồ in font utmr8v!
Missing character: There is no đ in font utmr8v!
Missing character: There is no ị in font utmr8v!
Missing character: There is no ứ in font utmr8v!
Missing character: There is no đ in font utmr8v!
Missing character: There is no ộ in font utmr8v!
Missing character: There is no ắ in font utmr8v!
Missing character: There is no ắ in font utmr8v!
Missing character: There is no ẫ in font utmr8v!
Missing character: There is no ỉ in font utmr8v!
Missing character: There is no đ in font utmr8v!
Missing character: There is no ị in font utmr8v!
Missing character: There is no ớ in font utmr8v!
Missing character: There is no ấ in font utmr8v!
Missing character: There is no đ in font utmr8v!
Missing character: There is no ư in font utmr8v!
Missing character: There is no ợ in font utmr8v!
Missing character: There is no ộ in font utmr8v!
Missing character: There is no ầ in font utmr8v!
Missing character: There is no ả in font utmr8v!

LaTeX Warning: Reference `tab:manifest' on page 2 undefined on input line 10.

Missing character: There is no ả in font utmr8v!
Missing character: There is no ộ in font utmr8v!
Missing character: There is no ư in font utmr8v!
Missing character: There is no ờ in font utmr8v!
Missing character: There is no ố in font utmr8v!
Missing character: There is no ể in font utmr8v!
Missing character: There is no ư in font utmr8v!
Missing character: There is no ờ in font utmr8v!
Missing character: There is no ạ in font utmr8v!
Missing character: There is no ụ in font utmr8v!
Missing character: There is no ộ in font utmr8v!
Missing character: There is no ệ in font utmr8v!
Missing character: There is no ấ in font utmr8v!
Missing character: There is no ư in font utmr8v!
Missing character: There is no ụ in font utmr8v!
Missing character: There is no ụ in font utmr8v!
Missing character: There is no ộ in font utmr8v!
Missing character: There is no ề in font utmr8v!
Missing character: There is no ổ in font utmr8v!
Missing character: There is no ứ in font utmr8v!
Missing character: There is no ả in font utmr8v!
Missing character: There is no ố in font utmr8v!
Missing character: There is no đ in font utmr8v!
Missing character: There is no ư in font utmr8v!
Missing character: There is no ợ in font utmr8v!
Missing character: There is no ư in font utmr8v!
Missing character: There is no ấ in font utmr8v!
Missing character: There is no ế in font utmr8v!
Missing character: There is no ả in font utmr8v!
Missing character: There is no đ in font utmr8v!
Missing character: There is no ẩ in font utmr8v!
Missing character: There is no ặ in font utmr8v!
Missing character: There is no ă in font utmr8v!
Missing character: There is no ư in font utmr8v!
Missing character: There is no ờ in font utmr8v!
Missing character: There is no đ in font utmr8v!
Missing character: There is no ư in font utmr8v!
Missing character: There is no ợ in font utmr8v!
Missing character: There is no ạ in font utmr8v!
Missing character: There is no ẫ in font utmr8v!
Missing character: There is no ấ in font utmr8v!
Missing character: There is no ừ in font utmr8v!
Missing character: There is no ả in font utmr8v!
Missing character: There is no ố in font utmr8v!
Missing character: There is no ế in font utmr8v!
Missing character: There is no ả in font utmr8v!
Missing character: There is no ồ in font utmr8v!
Missing character: There is no ộ in font utmr8v!
Missing character: There is no ấ in font utmr8v!
Missing character: There is no ư in font utmr8v!
Missing character: There is no ụ in font utmr8v!
Missing character: There is no ả in font utmr8v!
Missing character: There is no ụ in font utmr8v!
Missing character: There is no ế in font utmr8v!
Missing character: There is no ợ in font utmr8v!
Missing character: There is no ớ in font utmr8v!
Missing character: There is no ộ in font utmr8v!
Missing character: There is no ạ in font utmr8v!
Missing character: There is no ặ in font utmr8v!
Missing character: There is no ở in font utmr8v!
Missing character: There is no ấ in font utmr8v!
Missing character: There is no ộ in font utmr8v!
Missing character: There is no ữ in font utmr8v!
Missing character: There is no ệ in font utmr8v!
Missing character: There is no ấ in font utmr8v!
Missing character: There is no ư in font utmr8v!
Missing character: There is no ụ in font utmr8v!
Missing character: There is no ậ in font utmr8v!
Missing character: There is no ệ in font utmr8v!
Missing character: There is no ồ in font utmr8v!
Missing character: There is no ệ in font utmr8v!
Missing character: There is no ồ in font utmr8v!
Missing character: There is no ệ in font utmr8v!
Missing character: There is no ậ in font utmr8v!
Missing character: There is no ỉ in font utmr8v!
Missing character: There is no ừ in font utmr8v!
Missing character: There is no ư in font utmr8v!
Missing character: There is no ớ in font utmr8v!
Missing character: There is no đ in font utmr8v!
Missing character: There is no ặ in font utmr8v!
Missing character: There is no ố in font utmr8v!
Missing character: There is no ễ in font utmr8v!
Missing character: There is no ị in font utmr8v!
Missing character: There is no đ in font utmr8v!
Missing character: There is no ổ in font utmr8v!
Missing character: There is no ờ in font utmr8v!

Underfull \hbox (badness 6016) in paragraph at lines 30--31
[]\T5/ptm/m/n/10 V t chc, nh gc c lu bt bin; các nh ã chun
 []


Underfull \hbox (badness 5533) in paragraph at lines 30--31
\T5/ptm/m/n/10 hóa, crop hoc tng cng c to dn xut t nh gc và
 []

Missing character: There is no ư in font utmr8v!
Missing character: There is no ớ in font utmr8v!
Missing character: There is no ạ in font utmr8v!
Missing character: There is no ậ in font utmr8v!
Missing character: There is no ấ in font utmr8v!
Missing character: There is no ệ in font utmr8v!
Missing character: There is no ự in font utmr8v!
Missing character: There is no ệ in font utmr8v!
Missing character: There is no ố in font utmr8v!
Missing character: There is no ể in font utmr8v!
Missing character: There is no ứ in font utmr8v!
Missing character: There is no ấ in font utmr8v!
Missing character: There is no ể in font utmr8v!
Missing character: There is no ả in font utmr8v!
Missing character: There is no đ in font utmr8v!
Missing character: There is no ả in font utmr8v!
Missing character: There is no ọ in font utmr8v!
Missing character: There is no ả in font utmr8v!
Missing character: There is no đ in font utmr8v!
Missing character: There is no ị in font utmr8v!
Missing character: There is no ạ in font utmr8v!
Missing character: There is no ợ in font utmr8v!
Missing character: There is no ệ in font utmr8v!
Missing character: There is no ứ in font utmr8v!
Missing character: There is no ể in font utmr8v!
Missing character: There is no ẹ in font utmr8v!
Missing character: There is no ả in font utmr8v!
Missing character: There is no đ in font utmr8v!
Missing character: There is no ả in font utmr8v!
Missing character: There is no ộ in font utmr8v!
Missing character: There is no ẫ in font utmr8v!
Missing character: There is no ừ in font utmr8v!
Missing character: There is no ư in font utmr8v!
Missing character: There is no ờ in font utmr8v!
Missing character: There is no ợ in font utmr8v!
Missing character: There is no đ in font utmr8v!
Missing character: There is no ư in font utmr8v!
Missing character: There is no ợ in font utmr8v!
Missing character: There is no ắ in font utmr8v!
Missing character: There is no ờ in font utmr8v!
Missing character: There is no đ in font utmr8v!
Missing character: There is no ể in font utmr8v!
Missing character: There is no ứ in font utmr8v!
Missing character: There is no ă in font utmr8v!
Missing character: There is no đ in font utmr8v!
Missing character: There is no ộ in font utmr8v!
Missing character: There is no ư in font utmr8v!
Missing character: There is no ơ in font utmr8v!
Missing character: There is no đ in font utmr8v!
Missing character: There is no ồ in font utmr8v!
Missing character: There is no ả in font utmr8v!
Missing character: There is no đ in font utmr8v!
Missing character: There is no ư in font utmr8v!
Missing character: There is no ợ in font utmr8v!
Missing character: There is no đ in font utmr8v!
Missing character: There is no ể in font utmr8v!
Missing character: There is no ệ in font utmr8v!
Missing character: There is no ệ in font utmr8v!
Missing character: There is no ả in font utmr8v!
Missing character: There is no ạ in font utmr8v!
Missing character: There is no ặ in font utmr8v!
Missing character: There is no ả in font utmr8v!
Missing character: There is no ấ in font utmr8v!
Missing character: There is no ệ in font utmr8v!
Missing character: There is no ư in font utmr8v!
Missing character: There is no ớ in font utmr8v!
Missing character: There is no ề in font utmr8v!
Missing character: There is no ứ in font utmr8v!
Missing character: There is no ư in font utmr8v!
Missing character: There is no ố in font utmr8v!
Missing character: There is no ố in font utmr8v!
Missing character: There is no ẫ in font utmr8v!
Missing character: There is no ậ in font utmr8v!
Missing character: There is no ố in font utmr8v!
Missing character: There is no ả in font utmr8v!
Missing character: There is no đ in font utmr8v!
Missing character: There is no ể in font utmr8v!
Missing character: There is no đ in font utmr8v!
Missing character: There is no ị in font utmr8v!
Missing character: There is no ớ in font utmr8v!
Missing character: There is no đ in font utmr8v!
Missing character: There is no ủ in font utmr8v!
Missing character: There is no ố in font utmr8v!
Missing character: There is no ể in font utmr8v!
Missing character: There is no ệ in font utmr8v!
Missing character: There is no ố in font utmr8v!
Missing character: There is no Ả in font utmr8v!
Missing character: There is no ố in font utmr8v!
Missing character: There is no ẫ in font utmr8v!
Missing character: There is no ậ in font utmr8v!
Missing character: There is no ỗ in font utmr8v!
Missing character: There is no ế in font utmr8v!
Missing character: There is no ở in font utmr8v!
Missing character: There is no ậ in font utmr8v!
Missing character: There is no Ả in font utmr8v!
Missing character: There is no ố in font utmr8v!
Missing character: There is no ẫ in font utmr8v!
Missing character: There is no ậ in font utmr8v!
Missing character: There is no ể in font utmr8v!
Missing character: There is no ế in font utmr8v!
Missing character: There is no ọ in font utmr8v!
Missing character: There is no ợ in font utmr8v!
Missing character: There is no ệ in font utmr8v!
Missing character: There is no ư in font utmr8v!
Missing character: There is no ẫ in font utmr8v!
Missing character: There is no ầ in font utmr8v!
Missing character: There is no đ in font utmr8v!
Missing character: There is no ư in font utmr8v!
Missing character: There is no ợ in font utmr8v!
Missing character: There is no ư in font utmr8v!
Missing character: There is no ễ in font utmr8v!
Missing character: There is no ả in font utmr8v!
Missing character: There is no đ in font utmr8v!
Missing character: There is no ộ in font utmr8v!
Missing character: There is no ủ in font utmr8v!
Missing character: There is no ể in font utmr8v!
Missing character: There is no ế in font utmr8v!
Missing character: There is no đ in font utmr8v!
Missing character: There is no ư in font utmr8v!
Missing character: There is no ợ in font utmr8v!
Missing character: There is no ồ in font utmr8v!
Missing character: There is no ố in font utmr8v!
Missing character: There is no đ in font utmr8v!
Missing character: There is no ư in font utmr8v!
Missing character: There is no ợ in font utmr8v!
Missing character: There is no ả in font utmr8v!
Missing character: There is no ố in font utmr8v!
Missing character: There is no đ in font utmr8v!
Missing character: There is no ư in font utmr8v!
Missing character: There is no ợ in font utmr8v!
Missing character: There is no ể in font utmr8v!
Missing character: There is no ổ in font utmr8v!
Missing character: There is no ở in font utmr8v!
Missing character: There is no ấ in font utmr8v!
Missing character: There is no ẫ in font utmr8v!
Missing character: There is no ậ in font utmr8v!
Missing character: There is no ớ in font utmr8v!
Missing character: There is no ế in font utmr8v!
Missing character: There is no ị in font utmr8v!
Missing character: There is no ỉ in font utmr8v!
Missing character: There is no ệ in font utmr8v!
Missing character: There is no ẫ in font utmr8v!
Missing character: There is no ậ in font utmr8v!
Missing character: There is no ậ in font utmr8v!
Missing character: There is no ộ in font utmr8v!
[2]
Missing character: There is no ế in font utmr8v!
Missing character: There is no ợ in font utmr8v!
Missing character: There is no ớ in font utmr8v!
Missing character: There is no ạ in font utmr8v!
Missing character: There is no ừ in font utmr8v!
Missing character: There is no ả in font utmr8v!
Missing character: There is no ẫ in font utmr8v!
Missing character: There is no ậ in font utmr8v!

LaTeX Warning: Reference `eq:one_split' on page 3 undefined on input line 44.

Missing character: There is no ả in font utmr8v!
Missing character: There is no đ in font utmr8v!
Missing character: There is no ả in font utmr8v!
Missing character: There is no đ in font utmr8v!
Missing character: There is no ề in font utmr8v!
Missing character: There is no ệ in font utmr8v!
Missing character: There is no ờ in font utmr8v!
Missing character: There is no ở in font utmr8v!

LaTeX Warning: Reference `eq:group_disjoint' on page 3 undefined on input line 
44.

Missing character: There is no ớ in font utmr8v!
Missing character: There is no ỗ in font utmr8v!
Missing character: There is no ố in font utmr8v!
Missing character: There is no ả in font utmr8v!
Missing character: There is no ặ in font utmr8v!
Missing character: There is no ố in font utmr8v!
Missing character: There is no ẫ in font utmr8v!
Missing character: There is no ậ in font utmr8v!
Missing character: There is no ậ in font utmr8v!
Missing character: There is no đ in font utmr8v!
Missing character: There is no ư in font utmr8v!
Missing character: There is no ợ in font utmr8v!
Missing character: There is no ữ in font utmr8v!
Missing character: There is no ầ in font utmr8v!
Missing character: There is no ỷ in font utmr8v!
Missing character: There is no ệ in font utmr8v!
Missing character: There is no đ in font utmr8v!
Missing character: There is no ị in font utmr8v!
Missing character: There is no ư in font utmr8v!
Missing character: There is no ớ in font utmr8v!
Missing character: There is no đ in font utmr8v!
Missing character: There is no ố in font utmr8v!
Missing character: There is no đ in font utmr8v!
Missing character: There is no ơ in font utmr8v!
Missing character: There is no ị in font utmr8v!
Missing character: There is no đ in font utmr8v!
Missing character: There is no ư in font utmr8v!
Missing character: There is no ợ in font utmr8v!
Missing character: There is no ọ in font utmr8v!
Missing character: There is no đ in font utmr8v!
Missing character: There is no ể in font utmr8v!
Missing character: There is no ằ in font utmr8v!
Missing character: There is no ổ in font utmr8v!
Missing character: There is no ố in font utmr8v!
Missing character: There is no đ in font utmr8v!
Missing character: There is no ơ in font utmr8v!
Missing character: There is no ị in font utmr8v!
Missing character: There is no ủ in font utmr8v!
Missing character: There is no ả in font utmr8v!
Missing character: There is no ờ in font utmr8v!
Missing character: There is no ạ in font utmr8v!
Missing character: There is no ố in font utmr8v!
Missing character: There is no ẫ in font utmr8v!
Missing character: There is no ậ in font utmr8v!
Missing character: There is no ạ in font utmr8v!
Missing character: There is no ố in font utmr8v!
Missing character: There is no ủ in font utmr8v!
Missing character: There is no ộ in font utmr8v!
Missing character: There is no ư in font utmr8v!
Missing character: There is no ớ in font utmr8v!
Missing character: There is no ạ in font utmr8v!
Missing character: There is no đ in font utmr8v!
Missing character: There is no ả in font utmr8v!
Missing character: There is no ủ in font utmr8v!
Missing character: There is no ộ in font utmr8v!
Missing character: There is no ẫ in font utmr8v!
Missing character: There is no ậ in font utmr8v!
Missing character: There is no đ in font utmr8v!
Missing character: There is no ể in font utmr8v!
Missing character: There is no đ in font utmr8v!
Missing character: There is no ạ in font utmr8v!
Missing character: There is no ỷ in font utmr8v!
Missing character: There is no ệ in font utmr8v!
Missing character: There is no ứ in font utmr8v!
Missing character: There is no Đ in font utmr8v!
Missing character: There is no ể in font utmr8v!
Missing character: There is no ể in font utmr8v!
Missing character: There is no ấ in font utmr8v!
Missing character: There is no ả in font utmr8v!
Missing character: There is no ộ in font utmr8v!
Missing character: There is no ấ in font utmr8v!
Missing character: There is no đ in font utmr8v!
Missing character: There is no ặ in font utmr8v!
Missing character: There is no ư in font utmr8v!
Missing character: There is no ế in font utmr8v!
Missing character: There is no đ in font utmr8v!
Missing character: There is no đ in font utmr8v!
Missing character: There is no ă in font utmr8v!
Missing character: There is no đ in font utmr8v!
Missing character: There is no ư in font utmr8v!
Missing character: There is no ợ in font utmr8v!
Missing character: There is no ỉ in font utmr8v!
Missing character: There is no ằ in font utmr8v!
Missing character: There is no ủ in font utmr8v!
Missing character: There is no ộ in font utmr8v!
Missing character: There is no ữ in font utmr8v!
Missing character: There is no ệ in font utmr8v!
Missing character: There is no đ in font utmr8v!
Missing character: There is no ớ in font utmr8v!
Missing character: There is no ả in font utmr8v!
Missing character: There is no ẩ in font utmr8v!
Missing character: There is no Đ in font utmr8v!
Missing character: There is no ạ in font utmr8v!
Missing character: There is no ệ in font utmr8v!
Missing character: There is no ủ in font utmr8v!
Missing character: There is no ẫ in font utmr8v!
Missing character: There is no ậ in font utmr8v!
Missing character: There is no ủ in font utmr8v!
Missing character: There is no ả in font utmr8v!
Missing character: There is no ế in font utmr8v!
Missing character: There is no ầ in font utmr8v!
Missing character: There is no ư in font utmr8v!
Missing character: There is no ớ in font utmr8v!
Missing character: There is no ư in font utmr8v!
Missing character: There is no ợ in font utmr8v!
Missing character: There is no ệ in font utmr8v!
Missing character: There is no ư in font utmr8v!
Missing character: There is no ơ in font utmr8v!
Missing character: There is no ớ in font utmr8v!
Missing character: There is no ố in font utmr8v!
Missing character: There is no ỏ in font utmr8v!
Missing character: There is no ỉ in font utmr8v!
Missing character: There is no đ in font utmr8v!
Missing character: There is no ư in font utmr8v!
Missing character: There is no ợ in font utmr8v!
Missing character: There is no ầ in font utmr8v!
Missing character: There is no ể in font utmr8v!
Missing character: There is no ủ in font utmr8v!
Missing character: There is no ữ in font utmr8v!
Missing character: There is no ệ in font utmr8v!
Missing character: There is no ố in font utmr8v!
Missing character: There is no ề in font utmr8v!
Missing character: There is no đ in font utmr8v!
Missing character: There is no ư in font utmr8v!
Missing character: There is no ợ in font utmr8v!
Missing character: There is no ớ in font utmr8v!
Missing character: There is no ạ in font utmr8v!
Missing character: There is no đ in font utmr8v!
Missing character: There is no ể in font utmr8v!
Missing character: There is no ậ in font utmr8v!
Missing character: There is no ế in font utmr8v!
Missing character: There is no ể in font utmr8v!
Missing character: There is no ố in font utmr8v!
Missing character: There is no ế in font utmr8v!
Missing character: There is no ư in font utmr8v!
Missing character: There is no ợ in font utmr8v!
Missing character: There is no ở in font utmr8v!
Missing character: There is no ấ in font utmr8v!
Missing character: There is no ố in font utmr8v!
Missing character: There is no ư in font utmr8v!
Missing character: There is no ằ in font utmr8v!
Missing character: There is no ữ in font utmr8v!
Missing character: There is no ụ in font utmr8v!
Missing character: There is no ẫ in font utmr8v!
Missing character: There is no ậ in font utmr8v!
Missing character: There is no ầ in font utmr8v!
Missing character: There is no ổ in font utmr8v!
Missing character: There is no ầ in font utmr8v!
Missing character: There is no ẫ in font utmr8v!
Missing character: There is no ậ in font utmr8v!
Missing character: There is no đ in font utmr8v!
Missing character: There is no ộ in font utmr8v!
Missing character: There is no đ in font utmr8v!
Missing character: There is no ể in font utmr8v!
Missing character: There is no đ in font utmr8v!
Missing character: There is no ố in font utmr8v!
Missing character: There is no ớ in font utmr8v!
Missing character: There is no ố in font utmr8v!
Missing character: There is no ủ in font utmr8v!
Missing character: There is no ế in font utmr8v!
Missing character: There is no ợ in font utmr8v!
Missing character: There is no ụ in font utmr8v!
Missing character: There is no ớ in font utmr8v!
Missing character: There is no ằ in font utmr8v!
Missing character: There is no ả in font utmr8v!
Missing character: There is no ả in font utmr8v!
Missing character: There is no ọ in font utmr8v!
Missing character: There is no ế in font utmr8v!
Missing character: There is no ư in font utmr8v!
Missing character: There is no ợ in font utmr8v!
Missing character: There is no đ in font utmr8v!
Missing character: There is no ề in font utmr8v!
Missing character: There is no ả in font utmr8v!
Missing character: There is no ỏ in font utmr8v!

LaTeX Warning: Reference `eq:one_split' on page 3 undefined on input line 64.

Missing character: There is no ở in font utmr8v!
Missing character: There is no ử in font utmr8v!
Missing character: There is no ấ in font utmr8v!
Missing character: There is no ằ in font utmr8v!
Missing character: There is no ấ in font utmr8v!
Missing character: There is no đ in font utmr8v!
Missing character: There is no đ in font utmr8v!
Missing character: There is no ỉ in font utmr8v!
Missing character: There is no ừ in font utmr8v!
Missing character: There is no ế in font utmr8v!
Missing character: There is no ư in font utmr8v!
Missing character: There is no ợ in font utmr8v!
Missing character: There is no đ in font utmr8v!
Missing character: There is no ư in font utmr8v!
Missing character: There is no ợ in font utmr8v!
Missing character: There is no ọ in font utmr8v!
Missing character: There is no ằ in font utmr8v!
Missing character: There is no đ in font utmr8v!
Missing character: There is no đ in font utmr8v!
Missing character: There is no ị in font utmr8v!
Missing character: There is no ư in font utmr8v!
Missing character: There is no ớ in font utmr8v!
Missing character: There is no ầ in font utmr8v!
Missing character: There is no ể in font utmr8v!
Missing character: There is no ồ in font utmr8v!
Missing character: There is no ệ in font utmr8v!
Missing character: There is no ằ in font utmr8v!

LaTeX Warning: Reference `eq:class_balance' on page 3 undefined on input line 6
6.

Missing character: There is no ố in font utmr8v!
Missing character: There is no ẫ in font utmr8v!
Missing character: There is no ậ in font utmr8v!
Missing character: There is no ố in font utmr8v!
Missing character: There is no ể in font utmr8v!
Missing character: There is no ủ in font utmr8v!
Missing character: There is no ỗ in font utmr8v!
Missing character: There is no đ in font utmr8v!
Missing character: There is no ộ in font utmr8v!
Missing character: There is no ổ in font utmr8v!
Missing character: There is no đ in font utmr8v!
Missing character: There is no ị in font utmr8v!
Missing character: There is no ỉ in font utmr8v!
Missing character: There is no ố in font utmr8v!
Missing character: There is no ể in font utmr8v!
Missing character: There is no ọ in font utmr8v!
Missing character: There is no ỉ in font utmr8v!
Missing character: There is no đ in font utmr8v!
Missing character: There is no ể in font utmr8v!
Missing character: There is no ế in font utmr8v!
Missing character: There is no ả in font utmr8v!
Missing character: There is no ậ in font utmr8v!
Missing character: There is no ệ in font utmr8v!
Missing character: There is no ơ in font utmr8v!
Missing character: There is no ặ in font utmr8v!
Missing character: There is no ấ in font utmr8v!
Missing character: There is no ơ in font utmr8v!
Missing character: There is no ọ in font utmr8v!
Missing character: There is no ấ in font utmr8v!
Missing character: There is no đ in font utmr8v!
Missing character: There is no ư in font utmr8v!
Missing character: There is no ợ in font utmr8v!
Missing character: There is no đ in font utmr8v!
Missing character: There is no ă in font utmr8v!
Missing character: There is no ư in font utmr8v!
Missing character: There is no ớ in font utmr8v!
Missing character: There is no ấ in font utmr8v!
Missing character: There is no ệ in font utmr8v!
Missing character: There is no đ in font utmr8v!
Missing character: There is no ọ in font utmr8v!
Missing character: There is no đ in font utmr8v!
Missing character: There is no ổ in font utmr8v!
Missing character: There is no đ in font utmr8v!
Missing character: There is no ả in font utmr8v!
Missing character: There is no ạ in font utmr8v!
Missing character: There is no ộ in font utmr8v!
Missing character: There is no ả in font utmr8v!
Missing character: There is no ớ in font utmr8v!
Missing character: There is no ế in font utmr8v!
Missing character: There is no ư in font utmr8v!
Missing character: There is no ợ in font utmr8v!
Missing character: There is no ẫ in font utmr8v!
Missing character: There is no ậ in font utmr8v!
Missing character: There is no ở in font utmr8v!
Missing character: There is no ọ in font utmr8v!
Missing character: There is no ủ in font utmr8v!
Missing character: There is no ớ in font utmr8v!
Missing character: There is no ẫ in font utmr8v!
Missing character: There is no ị in font utmr8v!
Missing character: There is no ệ in font utmr8v!
Missing character: There is no ề in font utmr8v!
Missing character: There is no ặ in font utmr8v!
Missing character: There is no ữ in font utmr8v!
Missing character: There is no ĩ in font utmr8v!
Missing character: There is no ư in font utmr8v!
Missing character: There is no đ in font utmr8v!
Missing character: There is no ư in font utmr8v!
Missing character: There is no ậ in font utmr8v!
Missing character: There is no ể in font utmr8v!
Missing character: There is no ử in font utmr8v!
Missing character: There is no ặ in font utmr8v!
Missing character: There is no ể in font utmr8v!
Missing character: There is no đ in font utmr8v!
Missing character: There is no ị in font utmr8v!
Missing character: There is no ớ in font utmr8v!
Missing character: There is no ậ in font utmr8v!
Missing character: There is no ẫ in font utmr8v!
Missing character: There is no ư in font utmr8v!
Missing character: There is no ổ in font utmr8v!
Missing character: There is no ệ in font utmr8v!
Missing character: There is no ư in font utmr8v!
Missing character: There is no ơ in font utmr8v!
Missing character: There is no đ in font utmr8v!
Missing character: There is no ư in font utmr8v!
Missing character: There is no ợ in font utmr8v!
Missing character: There is no đ in font utmr8v!
Missing character: There is no ị in font utmr8v!
Missing character: There is no ở in font utmr8v!
Missing character: There is no ả in font utmr8v!
Missing character: There is no ủ in font utmr8v!
Missing character: There is no ẫ in font utmr8v!
Missing character: There is no đ in font utmr8v!
Missing character: There is no ế in font utmr8v!
Missing character: There is no ệ in font utmr8v!
Missing character: There is no ạ in font utmr8v!
Missing character: There is no ạ in font utmr8v!
Missing character: There is no ỗ in font utmr8v!
Missing character: There is no ặ in font utmr8v!
Missing character: There is no ẫ in font utmr8v!
Missing character: There is no ở in font utmr8v!
Missing character: There is no ấ in font utmr8v!
Missing character: There is no đ in font utmr8v!
Missing character: There is no ư in font utmr8v!
Missing character: There is no ợ in font utmr8v!
Missing character: There is no ọ in font utmr8v!
Missing character: There is no ư in font utmr8v!
Missing character: There is no ợ in font utmr8v!
Missing character: There is no ế in font utmr8v!
Missing character: There is no ủ in font utmr8v!
Missing character: There is no ậ in font utmr8v!
Missing character: There is no đ in font utmr8v!
Missing character: There is no ẫ in font utmr8v!
Missing character: There is no đ in font utmr8v!
Missing character: There is no ư in font utmr8v!
Missing character: There is no ợ in font utmr8v!
Missing character: There is no ữ in font utmr8v!
Missing character: There is no ạ in font utmr8v!
Missing character: There is no ế in font utmr8v!
Missing character: There is no ư in font utmr8v!
Missing character: There is no ợ in font utmr8v!
Missing character: There is no ệ in font utmr8v!
Missing character: There is no ẫ in font utmr8v!
Missing character: There is no ậ in font utmr8v!
Missing character: There is no ự in font utmr8v!
Missing character: There is no ộ in font utmr8v!
Missing character: There is no ằ in font utmr8v!
Missing character: There is no ớ in font utmr8v!
Missing character: There is no ố in font utmr8v!
Missing character: There is no ư in font utmr8v!
Missing character: There is no ợ in font utmr8v!
Missing character: There is no ụ in font utmr8v!
Missing character: There is no ố in font utmr8v!
Missing character: There is no ư in font utmr8v!
Missing character: There is no đ in font utmr8v!
Missing character: There is no ư in font utmr8v!
Missing character: There is no ợ in font utmr8v!
Missing character: There is no đ in font utmr8v!
Missing character: There is no ị in font utmr8v!
Missing character: There is no ằ in font utmr8v!
Missing character: There is no ư in font utmr8v!
Missing character: There is no ơ in font utmr8v!
Missing character: There is no ỷ in font utmr8v!
Missing character: There is no ổ in font utmr8v!
Missing character: There is no ư in font utmr8v!
Missing character: There is no ơ in font utmr8v!
Missing character: There is no ả in font utmr8v!
Missing character: There is no ụ in font utmr8v!
Missing character: There is no ỗ in font utmr8v!
Missing character: There is no ụ in font utmr8v!
Missing character: There is no đ in font utmr8v!
Missing character: There is no ư in font utmr8v!
Missing character: There is no ợ in font utmr8v!
Missing character: There is no ữ in font utmr8v!
Missing character: There is no ẹ in font utmr8v!
Missing character: There is no ổ in font utmr8v!
Missing character: There is no ậ in font utmr8v!
Missing character: There is no ấ in font utmr8v!
Missing character: There is no ệ in font utmr8v!
Missing character: There is no ể in font utmr8v!
Missing character: There is no đ in font utmr8v!
Missing character: There is no ị in font utmr8v!
Missing character: There is no ặ in font utmr8v!
Missing character: There is no ể in font utmr8v!
Missing character: There is no ử in font utmr8v!
Missing character: There is no ằ in font utmr8v!
Missing character: There is no ắ in font utmr8v!
Missing character: There is no đ in font utmr8v!
Missing character: There is no ứ in font utmr8v!
Missing character: There is no ỗ in font utmr8v!
Missing character: There is no ấ in font utmr8v!
Missing character: There is no ề in font utmr8v!
Missing character: There is no ặ in font utmr8v!
Missing character: There is no ầ in font utmr8v!
Missing character: There is no ư in font utmr8v!
Missing character: There is no ơ in font utmr8v!
Missing character: There is no ầ in font utmr8v!
Missing character: There is no ố in font utmr8v!
Missing character: There is no ư in font utmr8v!
Missing character: There is no đ in font utmr8v!
Missing character: There is no ồ in font utmr8v!
Missing character: There is no ờ in font utmr8v!
Missing character: There is no ậ in font utmr8v!
Missing character: There is no ẫ in font utmr8v!
Missing character: There is no ậ in font utmr8v!
Missing character: There is no ằ in font utmr8v!
Missing character: There is no ố in font utmr8v!
Missing character: There is no ớ in font utmr8v!
Missing character: There is no ữ in font utmr8v!
Missing character: There is no ậ in font utmr8v!
Missing character: There is no ọ in font utmr8v!
Missing character: There is no ố in font utmr8v!
Missing character: There is no ư in font utmr8v!
Missing character: There is no ợ in font utmr8v!
Missing character: There is no ả in font utmr8v!
Missing character: There is no ủ in font utmr8v!
Missing character: There is no ố in font utmr8v!
Missing character: There is no ư in font utmr8v!
Missing character: There is no ợ in font utmr8v!
Missing character: There is no ẫ in font utmr8v!
Missing character: There is no ụ in font utmr8v!
Missing character: There is no ậ in font utmr8v!
Missing character: There is no ẽ in font utmr8v!
Missing character: There is no ự in font utmr8v!
Missing character: There is no ọ in font utmr8v!
Missing character: There is no ậ in font utmr8v!
Missing character: There is no đ in font utmr8v!
Missing character: There is no ố in font utmr8v!
Missing character: There is no ư in font utmr8v!
Missing character: There is no ợ in font utmr8v!
Missing character: There is no ẫ in font utmr8v!
Missing character: There is no ệ in font utmr8v!
Missing character: There is no ạ in font utmr8v!
Missing character: There is no ủ in font utmr8v!
Missing character: There is no ậ in font utmr8v!
Missing character: There is no ư in font utmr8v!
Missing character: There is no ơ in font utmr8v!
Missing character: There is no ế in font utmr8v!
Missing character: There is no ợ in font utmr8v!
Missing character: There is no ữ in font utmr8v!
Missing character: There is no ụ in font utmr8v!
Missing character: There is no đ in font utmr8v!
Missing character: There is no ặ in font utmr8v!
Missing character: There is no ư in font utmr8v!
Missing character: There is no ầ in font utmr8v!
Missing character: There is no ả in font utmr8v!
Missing character: There is no ọ in font utmr8v!
Missing character: There is no ụ in font utmr8v!
Missing character: There is no ẫ in font utmr8v!
Missing character: There is no ậ in font utmr8v!
Missing character: There is no ả in font utmr8v!
Missing character: There is no ừ in font utmr8v!
Missing character: There is no ọ in font utmr8v!
Missing character: There is no ụ in font utmr8v!
Missing character: There is no đ in font utmr8v!
Missing character: There is no ế in font utmr8v!
Missing character: There is no ọ in font utmr8v!
Missing character: There is no ủ in font utmr8v!
Missing character: There is no đ in font utmr8v!
Missing character: There is no ư in font utmr8v!
Missing character: There is no ợ in font utmr8v!
Missing character: There is no ằ in font utmr8v!
Missing character: There is no đ in font utmr8v!
Missing character: There is no ụ in font utmr8v!
Missing character: There is no đ in font utmr8v!
Missing character: There is no ư in font utmr8v!
Missing character: There is no ợ in font utmr8v!
Missing character: There is no ả in font utmr8v!
Missing character: There is no ổ in font utmr8v!
Missing character: There is no ậ in font utmr8v!
Missing character: There is no ọ in font utmr8v!
Missing character: There is no ậ in font utmr8v!
Missing character: There is no đ in font utmr8v!
Missing character: There is no ộ in font utmr8v!
Missing character: There is no ụ in font utmr8v!
Missing character: There is no ớ in font utmr8v!
Missing character: There is no ấ in font utmr8v!
Missing character: There is no ớ in font utmr8v!
Missing character: There is no ụ in font utmr8v!
Missing character: There is no ờ in font utmr8v!
Missing character: There is no đ in font utmr8v!
Missing character: There is no ả in font utmr8v!
Missing character: There is no ậ in font utmr8v!
Missing character: There is no ấ in font utmr8v!
Missing character: There is no ệ in font utmr8v!
Missing character: There is no ể in font utmr8v!
Missing character: There is no đ in font utmr8v!
Missing character: There is no ị in font utmr8v!
Missing character: There is no ể in font utmr8v!
Missing character: There is no ử in font utmr8v!
Missing character: There is no đ in font utmr8v!
Missing character: There is no ề in font utmr8v!
Missing character: There is no ứ in font utmr8v!
Missing character: There is no đ in font utmr8v!
Missing character: There is no ầ in font utmr8v!
Missing character: There is no đ in font utmr8v!
Missing character: There is no ủ in font utmr8v!
Missing character: There is no ẫ in font utmr8v!
Missing character: There is no đ in font utmr8v!
Missing character: There is no ể in font utmr8v!
Missing character: There is no ẫ in font utmr8v!
Missing character: There is no ẫ in font utmr8v!
Missing character: There is no ị in font utmr8v!
Missing character: There is no ệ in font utmr8v!
Missing character: There is no ả in font utmr8v!

LaTeX Warning: Reference `tab:cegs_split' on page 3 undefined on input line 120
.

Missing character: There is no ấ in font utmr8v!
Missing character: There is no đ in font utmr8v!
Missing character: There is no ư in font utmr8v!
Missing character: There is no ợ in font utmr8v!
Missing character: There is no ố in font utmr8v!
Missing character: There is no ủ in font utmr8v!
Missing character: There is no Đ in font utmr8v!
Missing character: There is no ố in font utmr8v!
Missing character: There is no ớ in font utmr8v!
Missing character: There is no ỗ in font utmr8v!
Missing character: There is no ổ in font utmr8v!
Missing character: There is no đ in font utmr8v!
Missing character: There is no ổ in font utmr8v!
Missing character: There is no ế in font utmr8v!
Missing character: There is no ả in font utmr8v!
Missing character: There is no ạ in font utmr8v!
Missing character: There is no ờ in font utmr8v!
Missing character: There is no đ in font utmr8v!
Missing character: There is no ư in font utmr8v!
Missing character: There is no ợ in font utmr8v!
Missing character: There is no đ in font utmr8v!
Missing character: There is no ề in font utmr8v!
Missing character: There is no ỉ in font utmr8v!
Missing character: There is no ư in font utmr8v!
Missing character: There is no ớ in font utmr8v!
Missing character: There is no ấ in font utmr8v!
Missing character: There is no ẩ in font utmr8v!
Missing character: There is no ế in font utmr8v!
Missing character: There is no ả in font utmr8v!
Missing character: There is no đ in font utmr8v!
Missing character: There is no ầ in font utmr8v!
Missing character: There is no đ in font utmr8v!
Missing character: There is no ư in font utmr8v!
Missing character: There is no ợ in font utmr8v!
Missing character: There is no ữ in font utmr8v!
Missing character: There is no ơ in font utmr8v!
Missing character: There is no ế in font utmr8v!
Missing character: There is no ằ in font utmr8v!
Missing character: There is no đ in font utmr8v!
Missing character: There is no ộ in font utmr8v!
Missing character: There is no ữ in font utmr8v!
Missing character: There is no ậ in font utmr8v!
Missing character: There is no ể in font utmr8v!
Missing character: There is no đ in font utmr8v!
Missing character: There is no ị in font utmr8v!
Missing character: There is no ậ in font utmr8v!
Missing character: There is no ể in font utmr8v!
Missing character: There is no ử in font utmr8v!
Missing character: There is no đ in font utmr8v!
Missing character: There is no ặ in font utmr8v!
Missing character: There is no ủ in font utmr8v!
Missing character: There is no ừ in font utmr8v!
Missing character: There is no ỗ in font utmr8v!
Missing character: There is no đ in font utmr8v!
Missing character: There is no ồ in font utmr8v!
Missing character: There is no ờ in font utmr8v!
Missing character: There is no ẫ in font utmr8v!
Missing character: There is no ự in font utmr8v!
Missing character: There is no ậ in font utmr8v!
Missing character: There is no ư in font utmr8v!
Missing character: There is no ụ in font utmr8v!
Missing character: There is no ặ in font utmr8v!
Missing character: There is no ớ in font utmr8v!
Missing character: There is no ộ in font utmr8v!
Missing character: There is no ẫ in font utmr8v!
Missing character: There is no ậ in font utmr8v!
Missing character: There is no ể in font utmr8v!
Missing character: There is no ử in font utmr8v!
Missing character: There is no đ in font utmr8v!
Missing character: There is no ộ in font utmr8v!
Missing character: There is no ầ in font utmr8v!
Missing character: There is no ớ in font utmr8v!
Missing character: There is no ấ in font utmr8v!
Missing character: There is no ớ in font utmr8v!
Missing character: There is no ậ in font utmr8v!
Missing character: There is no ấ in font utmr8v!
Missing character: There is no ệ in font utmr8v!
Missing character: There is no đ in font utmr8v!
Missing character: There is no ư in font utmr8v!
Missing character: There is no ợ in font utmr8v!
Missing character: There is no đ in font utmr8v!
Missing character: There is no ị in font utmr8v!
Missing character: There is no ĩ in font utmr8v!
Missing character: There is no ẫ in font utmr8v!
Missing character: There is no ộ in font utmr8v!
Missing character: There is no đ in font utmr8v!
Missing character: There is no ủ in font utmr8v!
Missing character: There is no ố in font utmr8v!
Missing character: There is no ặ in font utmr8v!
Missing character: There is no ả in font utmr8v!
Missing character: There is no ầ in font utmr8v!
Missing character: There is no ặ in font utmr8v!
Missing character: There is no ă in font utmr8v!
Missing character: There is no ậ in font utmr8v!
Missing character: There is no ứ in font utmr8v!
Missing character: There is no đ in font utmr8v!
Missing character: There is no ư in font utmr8v!
Missing character: There is no ợ in font utmr8v!
Missing character: There is no đ in font utmr8v!
Missing character: There is no ư in font utmr8v!
Missing character: There is no ể in font utmr8v!
Missing character: There is no ứ in font utmr8v!
Missing character: There is no đ in font utmr8v!
Missing character: There is no ố in font utmr8v!
Missing character: There is no ế in font utmr8v!
Missing character: There is no ạ in font utmr8v!
Missing character: There is no ồ in font utmr8v!
Missing character: There is no ậ in font utmr8v!
Missing character: There is no ả in font utmr8v!
Missing character: There is no ố in font utmr8v!
Missing character: There is no ế in font utmr8v!
Missing character: There is no ệ in font utmr8v!
Missing character: There is no ồ in font utmr8v!
Missing character: There is no ị in font utmr8v!
Missing character: There is no ề in font utmr8v!
Missing character: There is no đ in font utmr8v!
Missing character: There is no ị in font utmr8v!
Missing character: There is no ả in font utmr8v!
Missing character: There is no đ in font utmr8v!
Missing character: There is no ư in font utmr8v!
Missing character: There is no ợ in font utmr8v!
Missing character: There is no ử in font utmr8v!
Missing character: There is no đ in font utmr8v!
Missing character: There is no ư in font utmr8v!
Missing character: There is no ợ in font utmr8v!
Missing character: There is no ạ in font utmr8v!
Missing character: There is no ế in font utmr8v!
Missing character: There is no ồ in font utmr8v!
Missing character: There is no ư in font utmr8v!
Missing character: There is no ợ in font utmr8v!
Missing character: There is no ệ in font utmr8v!
Missing character: There is no ẫ in font utmr8v!
Missing character: There is no đ in font utmr8v!
Missing character: There is no ư in font utmr8v!
Missing character: There is no ợ in font utmr8v!
Missing character: There is no ữ in font utmr8v!
Missing character: There is no ạ in font utmr8v!
Missing character: There is no ờ in font utmr8v!
Missing character: There is no ể in font utmr8v!
Missing character: There is no đ in font utmr8v!
Missing character: There is no ư in font utmr8v!
Missing character: There is no ợ in font utmr8v!
Missing character: There is no ư in font utmr8v!
Missing character: There is no ử in font utmr8v!
Missing character: There is no ụ in font utmr8v!
Missing character: There is no ư in font utmr8v!
Missing character: There is no ụ in font utmr8v!
Missing character: There is no ệ in font utmr8v!
Missing character: There is no ế in font utmr8v!
Missing character: There is no đ in font utmr8v!
Missing character: There is no ộ in font utmr8v!
Missing character: There is no ư in font utmr8v!
Missing character: There is no ơ in font utmr8v!
Missing character: There is no đ in font utmr8v!
Missing character: There is no ồ in font utmr8v!
Missing character: There is no ả in font utmr8v!
Missing character: There is no đ in font utmr8v!
Missing character: There is no ị in font utmr8v!
Missing character: There is no ĩ in font utmr8v!
Missing character: There is no ủ in font utmr8v!
Missing character: There is no ỉ in font utmr8v!
[3]
Missing character: There is no ậ in font utmr8v!
Missing character: There is no ể in font utmr8v!
Missing character: There is no ử in font utmr8v!
Missing character: There is no đ in font utmr8v!
Missing character: There is no ư in font utmr8v!
Missing character: There is no ợ in font utmr8v!
Missing character: There is no ậ in font utmr8v!
Missing character: There is no ệ in font utmr8v!
Missing character: There is no ể in font utmr8v!
Missing character: There is no ộ in font utmr8v!
Missing character: There is no ộ in font utmr8v!
Missing character: There is no ạ in font utmr8v!
Missing character: There is no ự in font utmr8v!
Missing character: There is no ế in font utmr8v!
Missing character: There is no ặ in font utmr8v!
Missing character: There is no ộ in font utmr8v!
Missing character: There is no ọ in font utmr8v!
Missing character: There is no ể in font utmr8v!
Missing character: There is no ễ in font utmr8v!
Missing character: There is no ự in font utmr8v!
Missing character: There is no ệ in font utmr8v!

LaTeX Warning: Citation `convnext' on page 4 undefined on input line 173.

Missing character: There is no ạ in font utmr8v!
Missing character: There is no đ in font utmr8v!
Missing character: There is no ặ in font utmr8v!
Missing character: There is no ư in font utmr8v!
Missing character: There is no ế in font utmr8v!
Missing character: There is no ầ in font utmr8v!
Missing character: There is no ể in font utmr8v!
Missing character: There is no đ in font utmr8v!
Missing character: There is no ư in font utmr8v!
Missing character: There is no ợ in font utmr8v!
Missing character: There is no ằ in font utmr8v!
Missing character: There is no ặ in font utmr8v!

LaTeX Warning: Citation `efficientnetv2' on page 4 undefined on input line 178.



LaTeX Warning: Citation `swin' on page 4 undefined on input line 178.

Missing character: There is no ộ in font utmr8v!
Missing character: There is no ạ in font utmr8v!
Missing character: There is no ố in font utmr8v!
Missing character: There is no ư in font utmr8v!
Missing character: There is no ộ in font utmr8v!
Missing character: There is no ặ in font utmr8v!
Missing character: There is no ế in font utmr8v!
Missing character: There is no ụ in font utmr8v!
Missing character: There is no ư in font utmr8v!
Missing character: There is no đ in font utmr8v!
Missing character: There is no ổ in font utmr8v!
Missing character: There is no ơ in font utmr8v!
Missing character: There is no ở in font utmr8v!
Missing character: There is no ặ in font utmr8v!
Missing character: There is no ắ in font utmr8v!
Missing character: There is no ự in font utmr8v!
Missing character: There is no ọ in font utmr8v!
Missing character: There is no ờ in font utmr8v!
Missing character: There is no đ in font utmr8v!
Missing character: There is no ệ in font utmr8v!
Missing character: There is no đ in font utmr8v!
Missing character: There is no ư in font utmr8v!
Missing character: There is no ợ in font utmr8v!
Missing character: There is no ữ in font utmr8v!
Missing character: There is no ư in font utmr8v!
Missing character: There is no ơ in font utmr8v!
Missing character: There is no ậ in font utmr8v!
Missing character: There is no ệ in font utmr8v!
Missing character: There is no ị in font utmr8v!
Missing character: There is no ẫ in font utmr8v!
Missing character: There is no ớ in font utmr8v!
Missing character: There is no ệ in font utmr8v!
Missing character: There is no ổ in font utmr8v!
Missing character: There is no ữ in font utmr8v!
Missing character: There is no ệ in font utmr8v!
Missing character: There is no Đ in font utmr8v!
Missing character: There is no ể in font utmr8v!
Missing character: There is no đ in font utmr8v!
Missing character: There is no ư in font utmr8v!
Missing character: There is no ớ in font utmr8v!
Missing character: There is no ọ in font utmr8v!
Missing character: There is no ể in font utmr8v!
Missing character: There is no ễ in font utmr8v!
Missing character: There is no đ in font utmr8v!
Missing character: There is no ặ in font utmr8v!
Missing character: There is no ư in font utmr8v!
Missing character: There is no ự in font utmr8v!
Missing character: There is no ệ in font utmr8v!
Missing character: There is no đ in font utmr8v!
Missing character: There is no ố in font utmr8v!
Missing character: There is no ế in font utmr8v!
Missing character: There is no ọ in font utmr8v!
Missing character: There is no ả in font utmr8v!
Missing character: There is no ộ in font utmr8v!
Missing character: There is no ấ in font utmr8v!
Missing character: There is no ệ in font utmr8v!
Missing character: There is no ố in font utmr8v!
Missing character: There is no ấ in font utmr8v!
Missing character: There is no ề in font utmr8v!
Missing character: There is no ạ in font utmr8v!
Missing character: There is no ơ in font utmr8v!
Missing character: There is no ở in font utmr8v!
Missing character: There is no ộ in font utmr8v!
Missing character: There is no đ in font utmr8v!
Missing character: There is no ầ in font utmr8v!
Missing character: There is no ế in font utmr8v!
Missing character: There is no ă in font utmr8v!
Missing character: There is no ư in font utmr8v!
Missing character: There is no ờ in font utmr8v!
Missing character: There is no ữ in font utmr8v!
Missing character: There is no ệ in font utmr8v!
Missing character: There is no ứ in font utmr8v!
Missing character: There is no ệ in font utmr8v!
Missing character: There is no đ in font utmr8v!
Missing character: There is no ặ in font utmr8v!
Missing character: There is no ư in font utmr8v!
Missing character: There is no đ in font utmr8v!
Missing character: There is no ẩ in font utmr8v!
Missing character: There is no ả in font utmr8v!
Missing character: There is no ố in font utmr8v!
Missing character: There is no ư in font utmr8v!
Missing character: There is no ố in font utmr8v!
Missing character: There is no ệ in font utmr8v!
Missing character: There is no ữ in font utmr8v!
Missing character: There is no ộ in font utmr8v!
Missing character: There is no ẫ in font utmr8v!
Missing character: There is no ồ in font utmr8v!
Missing character: There is no ẫ in font utmr8v!
Missing character: There is no ẫ in font utmr8v!
Missing character: There is no ự in font utmr8v!
Missing character: There is no ộ in font utmr8v!
Missing character: There is no ẫ in font utmr8v!
Missing character: There is no ự in font utmr8v!
Missing character: There is no ộ in font utmr8v!
Missing character: There is no ụ in font utmr8v!
Missing character: There is no ủ in font utmr8v!
Missing character: There is no ẹ in font utmr8v!
Missing character: There is no ả in font utmr8v!
Missing character: There is no ữ in font utmr8v!
Missing character: There is no ẫ in font utmr8v!
Missing character: There is no ẫ in font utmr8v!
Missing character: There is no ự in font utmr8v!
Missing character: There is no đ in font utmr8v!
Missing character: There is no ồ in font utmr8v!
Missing character: There is no ờ in font utmr8v!
Missing character: There is no đ in font utmr8v!
Missing character: There is no ẩ in font utmr8v!
Missing character: There is no ẫ in font utmr8v!
Missing character: There is no ự in font utmr8v!
Missing character: There is no ơ in font utmr8v!
Missing character: There is no ẫ in font utmr8v!
Missing character: There is no ấ in font utmr8v!
Missing character: There is no ộ in font utmr8v!
Missing character: There is no ả in font utmr8v!
Missing character: There is no ư in font utmr8v!
Missing character: There is no ơ in font utmr8v!
Missing character: There is no ự in font utmr8v!
Missing character: There is no ọ in font utmr8v!
Missing character: There is no ẫ in font utmr8v!
Missing character: There is no ự in font utmr8v!
Missing character: There is no ễ in font utmr8v!
Missing character: There is no ư in font utmr8v!
Missing character: There is no ũ in font utmr8v!
Missing character: There is no ễ in font utmr8v!
Missing character: There is no ớ in font utmr8v!
Missing character: There is no ộ in font utmr8v!
Missing character: There is no ặ in font utmr8v!
Missing character: There is no ẫ in font utmr8v!
Missing character: There is no ẫ in font utmr8v!
Missing character: There is no ự in font utmr8v!
Missing character: There is no ẫ in font utmr8v!
Missing character: There is no ự in font utmr8v!
Missing character: There is no đ in font utmr8v!
Missing character: There is no ư in font utmr8v!
Missing character: There is no ợ in font utmr8v!
Missing character: There is no ọ in font utmr8v!
Missing character: There is no ế in font utmr8v!
Missing character: There is no ỏ in font utmr8v!
Missing character: There is no ẫ in font utmr8v!
Missing character: There is no ữ in font utmr8v!
Missing character: There is no ạ in font utmr8v!
Missing character: There is no ẩ in font utmr8v!
Missing character: There is no ư in font utmr8v!
Missing character: There is no ơ in font utmr8v!
Missing character: There is no ề in font utmr8v!
Missing character: There is no ế in font utmr8v!
Missing character: There is no ứ in font utmr8v!
Missing character: There is no ằ in font utmr8v!
Missing character: There is no ị in font utmr8v!
Missing character: There is no ố in font utmr8v!
Missing character: There is no ư in font utmr8v!
Missing character: There is no ệ in font utmr8v!
Missing character: There is no ủ in font utmr8v!
Missing character: There is no đ in font utmr8v!
Missing character: There is no ư in font utmr8v!
Missing character: There is no ợ in font utmr8v!
Missing character: There is no ạ in font utmr8v!
Missing character: There is no ở in font utmr8v!
Missing character: There is no ộ in font utmr8v!
Missing character: There is no ẫ in font utmr8v!
Missing character: There is no ỉ in font utmr8v!
Missing character: There is no ố in font utmr8v!
Missing character: There is no ư in font utmr8v!
Missing character: There is no ả in font utmr8v!
Missing character: There is no đ in font utmr8v!
Missing character: There is no ơ in font utmr8v!
Missing character: There is no ầ in font utmr8v!
Missing character: There is no đ in font utmr8v!
Missing character: There is no đ in font utmr8v!
Missing character: There is no ồ in font utmr8v!
Missing character: There is no ờ in font utmr8v!
Missing character: There is no ừ in font utmr8v!
Missing character: There is no ề in font utmr8v!
Missing character: There is no ặ in font utmr8v!
Missing character: There is no ự in font utmr8v!
Missing character: There is no ự in font utmr8v!
Missing character: There is no ộ in font utmr8v!
Missing character: There is no ữ in font utmr8v!
Missing character: There is no ệ in font utmr8v!
Missing character: There is no đ in font utmr8v!
Missing character: There is no ồ in font utmr8v!
Missing character: There is no ờ in font utmr8v!
Missing character: There is no ọ in font utmr8v!
Missing character: There is no ố in font utmr8v!
Missing character: There is no ớ in font utmr8v!
Missing character: There is no ơ in font utmr8v!
Missing character: There is no ặ in font utmr8v!
Missing character: There is no đ in font utmr8v!
Missing character: There is no ộ in font utmr8v!
Missing character: There is no đ in font utmr8v!
Missing character: There is no ố in font utmr8v!
Missing character: There is no ư in font utmr8v!
Missing character: There is no ả in font utmr8v!
Missing character: There is no ừ in font utmr8v!
Missing character: There is no ặ in font utmr8v!
Missing character: There is no ẫ in font utmr8v!
Missing character: There is no ẻ in font utmr8v!
[4]
Missing character: There is no ư in font utmr8v!
Missing character: There is no ơ in font utmr8v!
Missing character: There is no ư in font utmr8v!
Missing character: There is no ơ in font utmr8v!
Missing character: There is no ả in font utmr8v!
Missing character: There is no ẫ in font utmr8v!
Missing character: There is no ự in font utmr8v!
Missing character: There is no ế in font utmr8v!
Missing character: There is no ậ in font utmr8v!
Missing character: There is no ố in font utmr8v!
Missing character: There is no ư in font utmr8v!
Missing character: There is no ặ in font utmr8v!
Missing character: There is no ự in font utmr8v!
Missing character: There is no ấ in font utmr8v!
Missing character: There is no ặ in font utmr8v!
Missing character: There is no ự in font utmr8v!
Missing character: There is no ầ in font utmr8v!
Missing character: There is no ấ in font utmr8v!
Missing character: There is no ộ in font utmr8v!
Missing character: There is no ữ in font utmr8v!
Missing character: There is no ệ in font utmr8v!
Missing character: There is no ở in font utmr8v!
Missing character: There is no ộ in font utmr8v!
Missing character: There is no ơ in font utmr8v!
Missing character: There is no ế in font utmr8v!
Missing character: There is no ọ in font utmr8v!
Missing character: There is no ư in font utmr8v!
Missing character: There is no ơ in font utmr8v!
Missing character: There is no ả in font utmr8v!
Missing character: There is no ằ in font utmr8v!
Missing character: There is no đ in font utmr8v!
Missing character: There is no ồ in font utmr8v!
Missing character: There is no ờ in font utmr8v!
Missing character: There is no ấ in font utmr8v!
Missing character: There is no ả in font utmr8v!
Missing character: There is no ẫ in font utmr8v!
Missing character: There is no ự in font utmr8v!
Missing character: There is no đ in font utmr8v!
Missing character: There is no ế in font utmr8v!
Missing character: There is no ộ in font utmr8v!
Missing character: There is no ặ in font utmr8v!
Missing character: There is no ẫ in font utmr8v!
Missing character: There is no ự in font utmr8v!
Missing character: There is no đ in font utmr8v!
Missing character: There is no đ in font utmr8v!
Missing character: There is no ề in font utmr8v!
Missing character: There is no ấ in font utmr8v!
Missing character: There is no ộ in font utmr8v!
Missing character: There is no ế in font utmr8v!
Missing character: There is no ậ in font utmr8v!
Missing character: There is no ố in font utmr8v!
Missing character: There is no ư in font utmr8v!
Missing character: There is no đ in font utmr8v!
Missing character: There is no ộ in font utmr8v!
Missing character: There is no ư in font utmr8v!
Missing character: There is no ơ in font utmr8v!
Missing character: There is no đ in font utmr8v!
Missing character: There is no ồ in font utmr8v!
Missing character: There is no ố in font utmr8v!
Missing character: There is no ấ in font utmr8v!
Missing character: There is no đ in font utmr8v!
Missing character: There is no ẫ in font utmr8v!
Missing character: There is no ự in font utmr8v!
Missing character: There is no ự in font utmr8v!
Missing character: There is no đ in font utmr8v!
Missing character: There is no ư in font utmr8v!
Missing character: There is no ợ in font utmr8v!
Missing character: There is no ọ in font utmr8v!
Missing character: There is no ố in font utmr8v!
Missing character: There is no ự in font utmr8v!
Missing character: There is no đ in font utmr8v!
Missing character: There is no ề in font utmr8v!
Missing character: There is no ỉ in font utmr8v!
Missing character: There is no đ in font utmr8v!
Missing character: There is no ư in font utmr8v!
Missing character: There is no ơ in font utmr8v!
Missing character: There is no ế in font utmr8v!
Missing character: There is no ệ in font utmr8v!
Missing character: There is no ự in font utmr8v!
Missing character: There is no ế in font utmr8v!
Missing character: There is no ữ in font utmr8v!
Missing character: There is no ả in font utmr8v!
Missing character: There is no ằ in font utmr8v!
Missing character: There is no ệ in font utmr8v!
Missing character: There is no ả in font utmr8v!
Missing character: There is no ớ in font utmr8v!
Missing character: There is no ẫ in font utmr8v!
Missing character: There is no đ in font utmr8v!
Missing character: There is no ạ in font utmr8v!
Missing character: There is no ệ in font utmr8v!
Missing character: There is no ủ in font utmr8v!
Missing character: There is no ừ in font utmr8v!
Missing character: There is no ớ in font utmr8v!
Missing character: There is no đ in font utmr8v!
Missing character: There is no ư in font utmr8v!
Missing character: There is no ơ in font utmr8v!
Missing character: There is no ụ in font utmr8v!
Missing character: There is no ự in font utmr8v!
Missing character: There is no ế in font utmr8v!
Missing character: There is no ộ in font utmr8v!
Missing character: There is no ộ in font utmr8v!
Missing character: There is no ị in font utmr8v!
Missing character: There is no ủ in font utmr8v!
Missing character: There is no ớ in font utmr8v!
Missing character: There is no đ in font utmr8v!
Missing character: There is no ư in font utmr8v!
Missing character: There is no ơ in font utmr8v!
Missing character: There is no ở in font utmr8v!
Missing character: There is no ộ in font utmr8v!
Missing character: There is no ậ in font utmr8v!
Missing character: There is no ằ in font utmr8v!
Missing character: There is no ề in font utmr8v!
Missing character: There is no ọ in font utmr8v!
Missing character: There is no ụ in font utmr8v!
Missing character: There is no ỗ in font utmr8v!
Missing character: There is no ớ in font utmr8v!
Missing character: There is no ớ in font utmr8v!
Missing character: There is no ấ in font utmr8v!
Missing character: There is no ọ in font utmr8v!
Missing character: There is no ụ in font utmr8v!
Missing character: There is no ỗ in font utmr8v!
Missing character: There is no ị in font utmr8v!
Missing character: There is no ủ in font utmr8v!
Missing character: There is no ớ in font utmr8v!
Missing character: There is no đ in font utmr8v!
Missing character: There is no ư in font utmr8v!
Missing character: There is no ợ in font utmr8v!
Missing character: There is no ự in font utmr8v!
Missing character: There is no ọ in font utmr8v!
Missing character: There is no ụ in font utmr8v!
Missing character: There is no ầ in font utmr8v!
Missing character: There is no ấ in font utmr8v!
Missing character: There is no ư in font utmr8v!
Missing character: There is no ơ in font utmr8v!
Missing character: There is no ự in font utmr8v!
Missing character: There is no ư in font utmr8v!
Missing character: There is no ơ in font utmr8v!
Missing character: There is no ũ in font utmr8v!
Missing character: There is no ử in font utmr8v!
Missing character: There is no ụ in font utmr8v!
Missing character: There is no ề in font utmr8v!
Missing character: There is no ọ in font utmr8v!
Missing character: There is no đ in font utmr8v!
Missing character: There is no ạ in font utmr8v!
Missing character: There is no ệ in font utmr8v!
Missing character: There is no ỗ in font utmr8v!
Missing character: There is no ớ in font utmr8v!
Missing character: There is no ư in font utmr8v!
Missing character: There is no ụ in font utmr8v!
Missing character: There is no ơ in font utmr8v!
Missing character: There is no ế in font utmr8v!
Missing character: There is no ề in font utmr8v!
Missing character: There is no ấ in font utmr8v!
Missing character: There is no ị in font utmr8v!
Missing character: There is no ự in font utmr8v!
Missing character: There is no đ in font utmr8v!
Missing character: There is no ạ in font utmr8v!
Missing character: There is no ạ in font utmr8v!
Missing character: There is no ở in font utmr8v!
Missing character: There is no ộ in font utmr8v!
Missing character: There is no ư in font utmr8v!
Missing character: There is no ơ in font utmr8v!
Missing character: There is no ọ in font utmr8v!
Missing character: There is no ằ in font utmr8v!
Missing character: There is no ấ in font utmr8v!
Missing character: There is no ả in font utmr8v!
Missing character: There is no ẫ in font utmr8v!
Missing character: There is no ộ in font utmr8v!
Missing character: There is no ộ in font utmr8v!
Missing character: There is no ữ in font utmr8v!
Missing character: There is no ệ in font utmr8v!
Missing character: There is no ẫ in font utmr8v!
Missing character: There is no ự in font utmr8v!
Missing character: There is no ủ in font utmr8v!
Missing character: There is no ố in font utmr8v!
Missing character: There is no ư in font utmr8v!
Missing character: There is no ệ in font utmr8v!
Missing character: There is no ắ in font utmr8v!
Missing character: There is no đ in font utmr8v!
Missing character: There is no ặ in font utmr8v!
Missing character: There is no đ in font utmr8v!
Missing character: There is no ặ in font utmr8v!
Missing character: There is no ư in font utmr8v!
Missing character: There is no ộ in font utmr8v!
Missing character: There is no ữ in font utmr8v!
Missing character: There is no ệ in font utmr8v!
Missing character: There is no ư in font utmr8v!
Missing character: There is no ờ in font utmr8v!
Missing character: There is no ạ in font utmr8v!
Missing character: There is no ả in font utmr8v!
Missing character: There is no ă in font utmr8v!
Missing character: There is no ể in font utmr8v!
Missing character: There is no ố in font utmr8v!
Missing character: There is no ọ in font utmr8v!
Missing character: There is no ể in font utmr8v!
Missing character: There is no ễ in font utmr8v!
Missing character: There is no ự in font utmr8v!
Missing character: There is no ự in font utmr8v!
Missing character: There is no ệ in font utmr8v!
Missing character: There is no ố in font utmr8v!
Missing character: There is no ư in font utmr8v!
Missing character: There is no đ in font utmr8v!
Missing character: There is no ặ in font utmr8v!
Missing character: There is no ư in font utmr8v!
Missing character: There is no ế in font utmr8v!
Missing character: There is no ể in font utmr8v!
Missing character: There is no ă in font utmr8v!
Missing character: There is no ư in font utmr8v!
Missing character: There is no ờ in font utmr8v!
Missing character: There is no ẫ in font utmr8v!
Missing character: There is no ủ in font utmr8v!
Missing character: There is no ả in font utmr8v!
Missing character: There is no ầ in font utmr8v!
Missing character: There is no ử in font utmr8v!
Missing character: There is no ụ in font utmr8v!
Missing character: There is no ớ in font utmr8v!
Missing character: There is no ầ in font utmr8v!
Missing character: There is no ủ in font utmr8v!
Missing character: There is no ố in font utmr8v!
Missing character: There is no ư in font utmr8v!
Missing character: There is no ơ in font utmr8v!
Missing character: There is no ọ in font utmr8v!
Missing character: There is no ự in font utmr8v!
Missing character: There is no đ in font utmr8v!
Missing character: There is no ư in font utmr8v!
Missing character: There is no ợ in font utmr8v!
Missing character: There is no ả in font utmr8v!
Missing character: There is no ứ in font utmr8v!
Missing character: There is no ư in font utmr8v!
Missing character: There is no ơ in font utmr8v!
Missing character: There is no ố in font utmr8v!
Missing character: There is no ư in font utmr8v!
Missing character: There is no ư in font utmr8v!
Missing character: There is no ơ in font utmr8v!
Missing character: There is no ả in font utmr8v!
Missing character: There is no ặ in font utmr8v!
Missing character: There is no ả in font utmr8v!
Missing character: There is no ă in font utmr8v!
Missing character: There is no ư in font utmr8v!
Missing character: There is no ờ in font utmr8v!
Missing character: There is no ớ in font utmr8v!
Missing character: There is no ư in font utmr8v!
Missing character: There is no ớ in font utmr8v!
Missing character: There is no ữ in font utmr8v!
Missing character: There is no ệ in font utmr8v!
Missing character: There is no ỗ in font utmr8v!
Missing character: There is no ả in font utmr8v!
Missing character: There is no đ in font utmr8v!
Missing character: There is no ư in font utmr8v!
Missing character: There is no ợ in font utmr8v!
Missing character: There is no ă in font utmr8v!
Missing character: There is no ư in font utmr8v!
Missing character: There is no ờ in font utmr8v!
Missing character: There is no ẫ in font utmr8v!
Missing character: There is no ả in font utmr8v!
Missing character: There is no ạ in font utmr8v!
Missing character: There is no ộ in font utmr8v!
Missing character: There is no ồ in font utmr8v!
Missing character: There is no ẫ in font utmr8v!
Missing character: There is no ữ in font utmr8v!
Missing character: There is no ệ in font utmr8v!
Missing character: There is no ặ in font utmr8v!
Missing character: There is no ẫ in font utmr8v!
Missing character: There is no ự in font utmr8v!
Missing character: There is no ồ in font utmr8v!
Missing character: There is no ả in font utmr8v!
Missing character: There is no ă in font utmr8v!
Missing character: There is no ư in font utmr8v!
Missing character: There is no ờ in font utmr8v!
Missing character: There is no ủ in font utmr8v!
Missing character: There is no ộ in font utmr8v!
Missing character: There is no ả in font utmr8v!
Missing character: There is no ố in font utmr8v!
Missing character: There is no ỗ in font utmr8v!
Missing character: There is no ặ in font utmr8v!
Missing character: There is no ẫ in font utmr8v!
Missing character: There is no ự in font utmr8v!
Missing character: There is no đ in font utmr8v!
Missing character: There is no ư in font utmr8v!
Missing character: There is no ợ in font utmr8v!
Missing character: There is no ể in font utmr8v!
Missing character: There is no đ in font utmr8v!
Missing character: There is no đ in font utmr8v!
Missing character: There is no ố in font utmr8v!
Missing character: There is no ệ in font utmr8v!
Missing character: There is no đ in font utmr8v!
Missing character: There is no ộ in font utmr8v!
Missing character: There is no ổ in font utmr8v!
Missing character: There is no ể in font utmr8v!
Missing character: There is no đ in font utmr8v!
Missing character: There is no ư in font utmr8v!
Missing character: There is no ợ in font utmr8v!
Missing character: There is no ằ in font utmr8v!
Missing character: There is no ủ in font utmr8v!
Missing character: There is no ộ in font utmr8v!
Missing character: There is no ặ in font utmr8v!
Missing character: There is no ẫ in font utmr8v!
Missing character: There is no ự in font utmr8v!
Missing character: There is no ữ in font utmr8v!
Missing character: There is no ệ in font utmr8v!
Missing character: There is no ư in font utmr8v!
Missing character: There is no ơ in font utmr8v!
Missing character: There is no ử in font utmr8v!
Missing character: There is no ụ in font utmr8v!
Missing character: There is no ạ in font utmr8v!
Missing character: There is no ơ in font utmr8v!
Missing character: There is no ạ in font utmr8v!
Missing character: There is no ọ in font utmr8v!
Missing character: There is no ự in font utmr8v!
Missing character: There is no ế in font utmr8v!
Missing character: There is no ớ in font utmr8v!
Missing character: There is no ố in font utmr8v!
Missing character: There is no ớ in font utmr8v!
Missing character: There is no ố in font utmr8v!
Missing character: There is no ạ in font utmr8v!
Missing character: There is no ọ in font utmr8v!
Missing character: There is no ự in font utmr8v!
Missing character: There is no ế in font utmr8v!
Missing character: There is no ệ in font utmr8v!
Missing character: There is no ụ in font utmr8v!
Missing character: There is no ự in font utmr8v!
Missing character: There is no đ in font utmr8v!
Missing character: There is no ể in font utmr8v!
Missing character: There is no ễ in font utmr8v!
Missing character: There is no ủ in font utmr8v!
Missing character: There is no ạ in font utmr8v!
Missing character: There is no ụ in font utmr8v!
Missing character: There is no ừ in font utmr8v!
Missing character: There is no ộ in font utmr8v!
Missing character: There is no ả in font utmr8v!
Missing character: There is no ả in font utmr8v!
Missing character: There is no ố in font utmr8v!
Missing character: There is no ư in font utmr8v!
Missing character: There is no ố in font utmr8v!
Missing character: There is no ư in font utmr8v!
Missing character: There is no ơ in font utmr8v!
Missing character: There is no ữ in font utmr8v!
Missing character: There is no ự in font utmr8v!
Missing character: There is no đ in font utmr8v!
Missing character: There is no đ in font utmr8v!
Missing character: There is no ẩ in font utmr8v!
Missing character: There is no ủ in font utmr8v!
Missing character: There is no ạ in font utmr8v!
Missing character: There is no ự in font utmr8v!
Missing character: There is no ế in font utmr8v!
Missing character: There is no đ in font utmr8v!
Missing character: There is no ặ in font utmr8v!
Missing character: There is no ư in font utmr8v!
Missing character: There is no ủ in font utmr8v!
Missing character: There is no ạ in font utmr8v!
Missing character: There is no ụ in font utmr8v!
[5]
Missing character: There is no đ in font utmr8v!
Missing character: There is no ệ in font utmr8v!
Missing character: There is no ă in font utmr8v!
Missing character: There is no ặ in font utmr8v!
Missing character: There is no ệ in font utmr8v!
Missing character: There is no ư in font utmr8v!
Missing character: There is no ợ in font utmr8v!
Missing character: There is no ụ in font utmr8v!
Missing character: There is no đ in font utmr8v!
Missing character: There is no ổ in font utmr8v!
Missing character: There is no ể in font utmr8v!
Missing character: There is no ễ in font utmr8v!
Missing character: There is no đ in font utmr8v!
Missing character: There is no ặ in font utmr8v!
Missing character: There is no ư in font utmr8v!
Missing character: There is no đ in font utmr8v!
Missing character: There is no ư in font utmr8v!
Missing character: There is no ợ in font utmr8v!
Missing character: There is no đ in font utmr8v!
Missing character: There is no ả in font utmr8v!
Missing character: There is no ả in font utmr8v!
Missing character: There is no ằ in font utmr8v!
Missing character: There is no ơ in font utmr8v!
Missing character: There is no ế in font utmr8v!
Missing character: There is no ừ in font utmr8v!
Missing character: There is no ậ in font utmr8v!
Missing character: There is no ậ in font utmr8v!
Missing character: There is no đ in font utmr8v!
Missing character: There is no ạ in font utmr8v!
Missing character: There is no đ in font utmr8v!
Missing character: There is no ặ in font utmr8v!
Missing character: There is no ạ in font utmr8v!
Missing character: There is no ụ in font utmr8v!
Missing character: There is no ố in font utmr8v!
Missing character: There is no ạ in font utmr8v!
Missing character: There is no ụ in font utmr8v!
Missing character: There is no đ in font utmr8v!
Missing character: There is no ư in font utmr8v!
Missing character: There is no ợ in font utmr8v!
Missing character: There is no ậ in font utmr8v!
Missing character: There is no ậ in font utmr8v!
Missing character: There is no ậ in font utmr8v!
Missing character: There is no ơ in font utmr8v!
Missing character: There is no ế in font utmr8v!
Missing character: There is no ư in font utmr8v!
Missing character: There is no ợ in font utmr8v!
Missing character: There is no ũ in font utmr8v!
Missing character: There is no ừ in font utmr8v!
Missing character: There is no ừ in font utmr8v!
Missing character: There is no đ in font utmr8v!
Missing character: There is no ệ in font utmr8v!
Missing character: There is no ố in font utmr8v!
Missing character: There is no ư in font utmr8v!
Missing character: There is no ơ in font utmr8v!
Missing character: There is no đ in font utmr8v!
Missing character: There is no ơ in font utmr8v!
Missing character: There is no ả in font utmr8v!
Missing character: There is no ế in font utmr8v!
Missing character: There is no ằ in font utmr8v!
Missing character: There is no ạ in font utmr8v!
Missing character: There is no ỏ in font utmr8v!
Missing character: There is no ứ in font utmr8v!
Missing character: There is no ế in font utmr8v!
Missing character: There is no ậ in font utmr8v!
Missing character: There is no ứ in font utmr8v!
Missing character: There is no ằ in font utmr8v!
Missing character: There is no ỉ in font utmr8v!
Missing character: There is no ầ in font utmr8v!
Missing character: There is no ử in font utmr8v!
Missing character: There is no ụ in font utmr8v!
Missing character: There is no ơ in font utmr8v!
Missing character: There is no ế in font utmr8v!
Missing character: There is no ừ in font utmr8v!
Missing character: There is no ậ in font utmr8v!
Missing character: There is no ậ in font utmr8v!
Missing character: There is no đ in font utmr8v!
Missing character: There is no ạ in font utmr8v!
Missing character: There is no ế in font utmr8v!
Missing character: There is no ợ in font utmr8v!
Missing character: There is no ớ in font utmr8v!
Missing character: There is no ế in font utmr8v!
Missing character: There is no đ in font utmr8v!
Missing character: There is no ố in font utmr8v!
Missing character: There is no ứ in font utmr8v!
Missing character: There is no ộ in font utmr8v!
Missing character: There is no ự in font utmr8v!
Missing character: There is no đ in font utmr8v!
Missing character: There is no đ in font utmr8v!
Missing character: There is no ủ in font utmr8v!
Missing character: There is no đ in font utmr8v!
Missing character: There is no ể in font utmr8v!
Missing character: There is no ă in font utmr8v!
Missing character: There is no ặ in font utmr8v!
Missing character: There is no ự in font utmr8v!
Missing character: There is no ụ in font utmr8v!
Missing character: There is no đ in font utmr8v!
Missing character: There is no ổ in font utmr8v!
Missing character: There is no ể in font utmr8v!
Missing character: There is no ễ in font utmr8v!
Missing character: There is no đ in font utmr8v!
Missing character: There is no ặ in font utmr8v!
Missing character: There is no ư in font utmr8v!
Missing character: There is no đ in font utmr8v!
Missing character: There is no ố in font utmr8v!
Missing character: There is no ứ in font utmr8v!
Missing character: There is no đ in font utmr8v!
Missing character: There is no ư in font utmr8v!
Missing character: There is no ợ in font utmr8v!
Missing character: There is no đ in font utmr8v!
Missing character: There is no ị in font utmr8v!
Missing character: There is no ĩ in font utmr8v!
Missing character: There is no ư in font utmr8v!
Missing character: There is no đ in font utmr8v!
Missing character: There is no đ in font utmr8v!
Missing character: There is no ầ in font utmr8v!
Missing character: There is no ủ in font utmr8v!
Missing character: There is no ộ in font utmr8v!
Missing character: There is no ự in font utmr8v!
Missing character: There is no đ in font utmr8v!
Missing character: There is no ả in font utmr8v!
Missing character: There is no ả in font utmr8v!
Missing character: There is no đ in font utmr8v!
Missing character: There is no ầ in font utmr8v!
Missing character: There is no ủ in font utmr8v!
Missing character: There is no ộ in font utmr8v!
Missing character: There is no đ in font utmr8v!
Missing character: There is no ầ in font utmr8v!
Missing character: There is no ế in font utmr8v!
Missing character: There is no ể in font utmr8v!
Missing character: There is no ị in font utmr8v!
Missing character: There is no ử in font utmr8v!
Missing character: There is no ừ in font utmr8v!
Missing character: There is no đ in font utmr8v!
Missing character: There is no ạ in font utmr8v!
Missing character: There is no ư in font utmr8v!
Missing character: There is no ơ in font utmr8v!
Missing character: There is no ụ in font utmr8v!
Missing character: There is no ả in font utmr8v!
Missing character: There is no ể in font utmr8v!
Missing character: There is no ư in font utmr8v!
Missing character: There is no ừ in font utmr8v!
Missing character: There is no ậ in font utmr8v!
Missing character: There is no ư in font utmr8v!
Missing character: There is no ơ in font utmr8v!
Missing character: There is no đ in font utmr8v!
Missing character: There is no ư in font utmr8v!
Missing character: There is no ợ in font utmr8v!
Missing character: There is no ừ in font utmr8v!
Missing character: There is no ả in font utmr8v!
Missing character: There is no ả in font utmr8v!
Missing character: There is no ă in font utmr8v!
Missing character: There is no ư in font utmr8v!
Missing character: There is no ờ in font utmr8v!
Missing character: There is no ọ in font utmr8v!
Missing character: There is no ậ in font utmr8v!
Missing character: There is no ư in font utmr8v!
Missing character: There is no ơ in font utmr8v!
Missing character: There is no ư in font utmr8v!
Missing character: There is no ớ in font utmr8v!
Missing character: There is no ọ in font utmr8v!
Missing character: There is no ề in font utmr8v!
Missing character: There is no ữ in font utmr8v!
Missing character: There is no ệ in font utmr8v!
Missing character: There is no ữ in font utmr8v!
Missing character: There is no ậ in font utmr8v!
Missing character: There is no đ in font utmr8v!
Missing character: There is no ặ in font utmr8v!
Missing character: There is no ư in font utmr8v!
Missing character: There is no ế in font utmr8v!
Missing character: There is no đ in font utmr8v!
Missing character: There is no đ in font utmr8v!
Missing character: There is no ạ in font utmr8v!
Missing character: There is no ệ in font utmr8v!
Missing character: There is no ề in font utmr8v!
Missing character: There is no ủ in font utmr8v!
Missing character: There is no đ in font utmr8v!
Missing character: There is no ặ in font utmr8v!
Missing character: There is no ư in font utmr8v!
Missing character: There is no ấ in font utmr8v!
Missing character: There is no đ in font utmr8v!
Missing character: There is no ư in font utmr8v!
Missing character: There is no ợ in font utmr8v!
Missing character: There is no đ in font utmr8v!
Missing character: There is no ị in font utmr8v!
Missing character: There is no ĩ in font utmr8v!
Missing character: There is no đ in font utmr8v!
Missing character: There is no ố in font utmr8v!
Missing character: There is no ạ in font utmr8v!
Missing character: There is no ứ in font utmr8v!
Missing character: There is no ấ in font utmr8v!
Missing character: There is no ệ in font utmr8v!
Missing character: There is no ố in font utmr8v!
Missing character: There is no ư in font utmr8v!
Missing character: There is no ơ in font utmr8v!
Missing character: There is no đ in font utmr8v!
Missing character: There is no ư in font utmr8v!
Missing character: There is no ờ in font utmr8v!
Missing character: There is no ế in font utmr8v!
Missing character: There is no ề in font utmr8v!
Missing character: There is no ố in font utmr8v!
Missing character: There is no đ in font utmr8v!
Missing character: There is no đ in font utmr8v!
Missing character: There is no ộ in font utmr8v!
Missing character: There is no ư in font utmr8v!
Missing character: There is no ơ in font utmr8v!
Missing character: There is no đ in font utmr8v!
Missing character: There is no ồ in font utmr8v!
Missing character: There is no ữ in font utmr8v!
Missing character: There is no ả in font utmr8v!
Missing character: There is no ả in font utmr8v!
Missing character: There is no ố in font utmr8v!
Missing character: There is no ạ in font utmr8v!
Missing character: There is no ứ in font utmr8v!
Missing character: There is no ệ in font utmr8v!
Missing character: There is no ố in font utmr8v!
Missing character: There is no ư in font utmr8v!
Missing character: There is no ơ in font utmr8v!
Missing character: There is no đ in font utmr8v!
Missing character: There is no ư in font utmr8v!
Missing character: There is no ờ in font utmr8v!
Missing character: There is no ế in font utmr8v!
Missing character: There is no ề in font utmr8v!
Missing character: There is no ớ in font utmr8v!
Missing character: There is no ệ in font utmr8v!
Missing character: There is no ố in font utmr8v!
Missing character: There is no ạ in font utmr8v!
Missing character: There is no ả in font utmr8v!
Missing character: There is no ể in font utmr8v!
Missing character: There is no ự in font utmr8v!
Missing character: There is no ặ in font utmr8v!
Missing character: There is no ữ in font utmr8v!
Missing character: There is no ề in font utmr8v!
Missing character: There is no đ in font utmr8v!
Missing character: There is no ặ in font utmr8v!
Missing character: There is no ư in font utmr8v!
Missing character: There is no ụ in font utmr8v!
Missing character: There is no ộ in font utmr8v!
Missing character: There is no ỗ in font utmr8v!
Missing character: There is no ớ in font utmr8v!
Missing character: There is no ả in font utmr8v!
Missing character: There is no ễ in font utmr8v!
Missing character: There is no ắ in font utmr8v!
Missing character: There is no ả in font utmr8v!
Missing character: There is no ẩ in font utmr8v!
Missing character: There is no ệ in font utmr8v!
Missing character: There is no ả in font utmr8v!
Missing character: There is no ệ in font utmr8v!
Missing character: There is no đ in font utmr8v!
Missing character: There is no ờ in font utmr8v!
Missing character: There is no đ in font utmr8v!
Missing character: There is no ể in font utmr8v!
Missing character: There is no ặ in font utmr8v!
Missing character: There is no ữ in font utmr8v!
Missing character: There is no ệ in font utmr8v!
Missing character: There is no ể in font utmr8v!
Missing character: There is no đ in font utmr8v!
Missing character: There is no ư in font utmr8v!
Missing character: There is no ợ in font utmr8v!
Missing character: There is no ầ in font utmr8v!
Missing character: There is no ư in font utmr8v!
Missing character: There is no ợ in font utmr8v!
Missing character: There is no ằ in font utmr8v!
Missing character: There is no ệ in font utmr8v!
Missing character: There is no ế in font utmr8v!
Missing character: There is no ả in font utmr8v!
Missing character: There is no ẩ in font utmr8v!
Missing character: There is no đ in font utmr8v!
Missing character: There is no ị in font utmr8v!
Missing character: There is no ờ in font utmr8v!
Missing character: There is no ặ in font utmr8v!
Missing character: There is no ể in font utmr8v!
Missing character: There is no ắ in font utmr8v!
Missing character: There is no ữ in font utmr8v!
Missing character: There is no đ in font utmr8v!
Missing character: There is no ị in font utmr8v!
Missing character: There is no đ in font utmr8v!
Missing character: There is no ơ in font utmr8v!
Missing character: There is no ị in font utmr8v!
Missing character: There is no ệ in font utmr8v!
Missing character: There is no ố in font utmr8v!
Missing character: There is no ả in font utmr8v!
Missing character: There is no ổ in font utmr8v!
Missing character: There is no ớ in font utmr8v!
Missing character: There is no ậ in font utmr8v!
Missing character: There is no ệ in font utmr8v!
Missing character: There is no ồ in font utmr8v!
Missing character: There is no ư in font utmr8v!
Missing character: There is no ớ in font utmr8v!
Missing character: There is no ấ in font utmr8v!
Missing character: There is no ệ in font utmr8v!
Missing character: There is no đ in font utmr8v!
Missing character: There is no ơ in font utmr8v!
Missing character: There is no ị in font utmr8v!
Missing character: There is no đ in font utmr8v!
) (sections/experiments.tex
Missing character: There is no ộ in font utmr8v!
Missing character: There is no ữ in font utmr8v!
Missing character: There is no ệ in font utmr8v!
Missing character: There is no ồ in font utmr8v!
Missing character: There is no ả in font utmr8v!
Missing character: There is no ặ in font utmr8v!
Missing character: There is no ắ in font utmr8v!
Missing character: There is no ở in font utmr8v!
Missing character: There is no ứ in font utmr8v!
Missing character: There is no ĩ in font utmr8v!
Missing character: There is no ủ in font utmr8v!
Missing character: There is no ộ in font utmr8v!
Missing character: There is no ỗ in font utmr8v!
Missing character: There is no ề in font utmr8v!
Missing character: There is no ư in font utmr8v!
Missing character: There is no ụ in font utmr8v!
Missing character: There is no ả in font utmr8v!
Missing character: There is no ữ in font utmr8v!
Missing character: There is no ệ in font utmr8v!
Missing character: There is no đ in font utmr8v!
Missing character: There is no ư in font utmr8v!
Missing character: There is no ợ in font utmr8v!
Missing character: There is no ử in font utmr8v!
Missing character: There is no ụ in font utmr8v!
Missing character: There is no ộ in font utmr8v!
Missing character: There is no ư in font utmr8v!
Missing character: There is no ụ in font utmr8v!
Missing character: There is no ể in font utmr8v!
Missing character: There is no ễ in font utmr8v!
Missing character: There is no ộ in font utmr8v!
Missing character: There is no ả in font utmr8v!
Missing character: There is no ủ in font utmr8v!
Missing character: There is no ộ in font utmr8v!
Missing character: There is no ẫ in font utmr8v!
Missing character: There is no ậ in font utmr8v!
Missing character: There is no ả in font utmr8v!
Missing character: There is no ỉ in font utmr8v!
Missing character: There is no đ in font utmr8v!
Missing character: There is no ị in font utmr8v!
Missing character: There is no ớ in font utmr8v!
Missing character: There is no ấ in font utmr8v!
Missing character: There is no ị in font utmr8v!
Missing character: There is no ạ in font utmr8v!
Missing character: There is no ỏ in font utmr8v!
Missing character: There is no ậ in font utmr8v!
Missing character: There is no ư in font utmr8v!
Missing character: There is no ớ in font utmr8v!
Missing character: There is no ụ in font utmr8v!
Missing character: There is no ộ in font utmr8v!
Missing character: There is no ả in font utmr8v!
Missing character: There is no ớ in font utmr8v!
Missing character: There is no ủ in font utmr8v!
Missing character: There is no ố in font utmr8v!
Missing character: There is no ệ in font utmr8v!
Missing character: There is no ữ in font utmr8v!
Missing character: There is no ư in font utmr8v!
Missing character: There is no ụ in font utmr8v!
Missing character: There is no ẫ in font utmr8v!
Missing character: There is no ậ in font utmr8v!
Missing character: There is no ả in font utmr8v!
Missing character: There is no đ in font utmr8v!
Missing character: There is no ư in font utmr8v!
Missing character: There is no ợ in font utmr8v!
Missing character: There is no ậ in font utmr8v!
Missing character: There is no ỉ in font utmr8v!
Missing character: There is no đ in font utmr8v!
Missing character: There is no ư in font utmr8v!
Missing character: There is no ợ in font utmr8v!
Missing character: There is no ả in font utmr8v!
Missing character: There is no đ in font utmr8v!
Missing character: There is no ị in font utmr8v!
Missing character: There is no ừ in font utmr8v!
Missing character: There is no ư in font utmr8v!
Missing character: There is no ụ in font utmr8v!

LaTeX Warning: Reference `fig:eda_split' on page 6 undefined on input line 6.

Missing character: There is no ố in font utmr8v!
Missing character: There is no ố in font utmr8v!
Missing character: There is no ả in font utmr8v!
Missing character: There is no ố in font utmr8v!
Missing character: There is no ồ in font utmr8v!
Missing character: There is no ụ in font utmr8v!
Missing character: There is no ả in font utmr8v!
Missing character: There is no đ in font utmr8v!
Missing character: There is no ạ in font utmr8v!
Missing character: There is no ư in font utmr8v!
Missing character: There is no ợ in font utmr8v!
Missing character: There is no ầ in font utmr8v!
Missing character: There is no ế in font utmr8v!
Missing character: There is no ề in font utmr8v!
Missing character: There is no ả in font utmr8v!
Missing character: There is no ủ in font utmr8v!
Missing character: There is no ộ in font utmr8v!
Missing character: There is no ẫ in font utmr8v!
Missing character: There is no ậ in font utmr8v!
Missing character: There is no ả in font utmr8v!
Missing character: There is no ệ in font utmr8v!
Missing character: There is no đ in font utmr8v!
Missing character: There is no ộ in font utmr8v!
Missing character: There is no ủ in font utmr8v!
Missing character: There is no ề in font utmr8v!
Missing character: There is no ặ in font utmr8v!
Missing character: There is no ư in font utmr8v!
Missing character: There is no ă in font utmr8v!
Missing character: There is no ố in font utmr8v!
Missing character: There is no đ in font utmr8v!
Missing character: There is no ơ in font utmr8v!
Missing character: There is no ị in font utmr8v!
Missing character: There is no đ in font utmr8v!
Missing character: There is no ộ in font utmr8v!
Missing character: There is no ậ in font utmr8v!
Missing character: There is no đ in font utmr8v!
Missing character: There is no ể in font utmr8v!
Missing character: There is no đ in font utmr8v!
Missing character: There is no ả in font utmr8v!
Missing character: There is no ă in font utmr8v!
Missing character: There is no ổ in font utmr8v!
File: fig/eda_split_end_version.png Graphic file (type bmp)
<fig/eda_split_end_version.png>
Missing character: There is no đ in font utmr8v!
Missing character: There is no ề in font utmr8v!
Missing character: There is no ệ in font utmr8v!
Missing character: There is no đ in font utmr8v!
Missing character: There is no Đ in font utmr8v!
Missing character: There is no ề in font utmr8v!
Missing character: There is no ệ in font utmr8v!
Missing character: There is no ả in font utmr8v!
Missing character: There is no ầ in font utmr8v!
Missing character: There is no ư in font utmr8v!
Missing character: There is no ộ in font utmr8v!
Missing character: There is no ả in font utmr8v!
Missing character: There is no ồ in font utmr8v!
Missing character: There is no ở in font utmr8v!
Missing character: There is no ộ in font utmr8v!
Missing character: There is no ậ in font utmr8v!
Missing character: There is no Đ in font utmr8v!
Missing character: There is no ề in font utmr8v!
Missing character: There is no ệ in font utmr8v!
Missing character: There is no ử in font utmr8v!
Missing character: There is no ụ in font utmr8v!
Missing character: There is no đ in font utmr8v!
Missing character: There is no ể in font utmr8v!
Missing character: There is no ổ in font utmr8v!
Missing character: There is no ộ in font utmr8v!
Missing character: There is no ả in font utmr8v!
Missing character: There is no ủ in font utmr8v!
Missing character: There is no ộ in font utmr8v!
Missing character: There is no ồ in font utmr8v!
Missing character: There is no ấ in font utmr8v!
Missing character: There is no ặ in font utmr8v!
Missing character: There is no đ in font utmr8v!
Missing character: There is no ồ in font utmr8v!
Missing character: There is no ờ in font utmr8v!
Missing character: There is no ể in font utmr8v!
Missing character: There is no ằ in font utmr8v!
Missing character: There is no ớ in font utmr8v!
Missing character: There is no ặ in font utmr8v!
Missing character: There is no ậ in font utmr8v!
Missing character: There is no đ in font utmr8v!
Missing character: There is no ộ in font utmr8v!
Missing character: There is no ầ in font utmr8v!
Missing character: There is no đ in font utmr8v!
Missing character: There is no ề in font utmr8v!
Missing character: There is no ệ in font utmr8v!
Missing character: There is no ộ in font utmr8v!
Missing character: There is no ấ in font utmr8v!
Missing character: There is no đ in font utmr8v!
Missing character: There is no ặ in font utmr8v!
Missing character: There is no ư in font utmr8v!
Missing character: There is no ủ in font utmr8v!
Missing character: There is no ụ in font utmr8v!
Missing character: There is no đ in font utmr8v!
Missing character: There is no ố in font utmr8v!
Missing character: There is no ế in font utmr8v!
Missing character: There is no ề in font utmr8v!
Missing character: There is no đ in font utmr8v!
Missing character: There is no ệ in font utmr8v!
Missing character: There is no đ in font utmr8v!
Missing character: There is no ư in font utmr8v!
Missing character: There is no ợ in font utmr8v!
Missing character: There is no đ in font utmr8v!
Missing character: There is no ư in font utmr8v!
Missing character: There is no ợ in font utmr8v!
Missing character: There is no đ in font utmr8v!
Missing character: There is no ơ in font utmr8v!
Missing character: There is no ị in font utmr8v!
Missing character: There is no ả in font utmr8v!
Missing character: There is no ế in font utmr8v!
Missing character: There is no ậ in font utmr8v!
Missing character: There is no ệ in font utmr8v!
Missing character: There is no đ in font utmr8v!
Missing character: There is no ư in font utmr8v!
Missing character: There is no ợ in font utmr8v!
Missing character: There is no ự in font utmr8v!
Missing character: There is no ệ in font utmr8v!
Missing character: There is no ớ in font utmr8v!
Missing character: There is no ệ in font utmr8v!
Missing character: There is no đ in font utmr8v!
Missing character: There is no ư in font utmr8v!
Missing character: There is no ợ in font utmr8v!
Missing character: There is no ư in font utmr8v!
Missing character: There is no ộ in font utmr8v!
Missing character: There is no đ in font utmr8v!
Missing character: There is no ằ in font utmr8v!
Missing character: There is no ụ in font utmr8v!
Missing character: There is no ụ in font utmr8v!
Missing character: There is no ậ in font utmr8v!
Missing character: There is no ỉ in font utmr8v!
Missing character: There is no ộ in font utmr8v!
Missing character: There is no ả in font utmr8v!
Missing character: There is no ế in font utmr8v!
Missing character: There is no ả in font utmr8v!
Missing character: There is no ệ in font utmr8v!
Missing character: There is no ạ in font utmr8v!
Missing character: There is no ọ in font utmr8v!
Missing character: There is no đ in font utmr8v!
Missing character: There is no ị in font utmr8v!
Missing character: There is no ư in font utmr8v!
Missing character: There is no ợ in font utmr8v!
Missing character: There is no ớ in font utmr8v!
Missing character: There is no đ in font utmr8v!
Missing character: There is no ư in font utmr8v!
Missing character: There is no ợ in font utmr8v!
Missing character: There is no ể in font utmr8v!
Missing character: There is no ả in font utmr8v!
Missing character: There is no đ in font utmr8v!
Missing character: There is no ộ in font utmr8v!
Missing character: There is no ạ in font utmr8v!
Missing character: There is no ủ in font utmr8v!
Missing character: There is no ả in font utmr8v!
Missing character: There is no ể in font utmr8v!
Missing character: There is no đ in font utmr8v!
Missing character: There is no ị in font utmr8v!
Missing character: There is no ĩ in font utmr8v!
Missing character: There is no ố in font utmr8v!
Missing character: There is no ứ in font utmr8v!
Missing character: There is no ế in font utmr8v!
Missing character: There is no ề in font utmr8v!
Missing character: There is no ặ in font utmr8v!
Missing character: There is no ố in font utmr8v!
Missing character: There is no ẫ in font utmr8v!
Missing character: There is no ậ in font utmr8v!
Missing character: There is no ạ in font utmr8v!
Missing character: There is no ơ in font utmr8v!
Missing character: There is no ở in font utmr8v!
Missing character: There is no ử in font utmr8v!
Missing character: There is no ụ in font utmr8v!

LaTeX Warning: Citation `convnext' on page 6 undefined on input line 21.

Missing character: There is no ở in font utmr8v!
Missing character: There is no ạ in font utmr8v!
Missing character: There is no ừ in font utmr8v!
Missing character: There is no ọ in font utmr8v!
Missing character: There is no ố in font utmr8v!
Missing character: There is no ề in font utmr8v!
Missing character: There is no ấ in font utmr8v!
Missing character: There is no ệ in font utmr8v!
Missing character: There is no Đ in font utmr8v!
Missing character: There is no ặ in font utmr8v!
Missing character: There is no ư in font utmr8v!
Missing character: There is no ề in font utmr8v!
Missing character: There is no đ in font utmr8v!
Missing character: There is no ế in font utmr8v!
Missing character: There is no đ in font utmr8v!
Missing character: There is no ư in font utmr8v!
Missing character: There is no ợ in font utmr8v!
Missing character: There is no ẩ in font utmr8v!
Missing character: There is no ề in font utmr8v!
Missing character: There is no ấ in font utmr8v!
Missing character: There is no đ in font utmr8v!
Missing character: There is no ầ in font utmr8v!
Missing character: There is no ả in font utmr8v!
Missing character: There is no ầ in font utmr8v!
Missing character: There is no đ in font utmr8v!
Missing character: There is no ầ in font utmr8v!
Missing character: There is no ủ in font utmr8v!
Missing character: There is no đ in font utmr8v!
Missing character: There is no ư in font utmr8v!
Missing character: There is no ợ in font utmr8v!
Missing character: There is no đ in font utmr8v!
Missing character: There is no ă in font utmr8v!
Missing character: There is no ằ in font utmr8v!
Missing character: There is no ạ in font utmr8v!
Missing character: There is no ế in font utmr8v!
Missing character: There is no ớ in font utmr8v!
Missing character: There is no ộ in font utmr8v!
Missing character: There is no ữ in font utmr8v!
Missing character: There is no ệ in font utmr8v!
Missing character: There is no ẫ in font utmr8v!
Missing character: There is no ậ in font utmr8v!
Missing character: There is no ừ in font utmr8v!
Missing character: There is no ớ in font utmr8v!
Missing character: There is no ớ in font utmr8v!
Missing character: There is no ố in font utmr8v!
Missing character: There is no đ in font utmr8v!
Missing character: There is no ở in font utmr8v!
Missing character: There is no ớ in font utmr8v!
[6]
Missing character: There is no ă in font utmr8v!
Missing character: There is no ư in font utmr8v!
Missing character: There is no ờ in font utmr8v!
Missing character: There is no ữ in font utmr8v!
Missing character: There is no ệ in font utmr8v!
Missing character: There is no ỉ in font utmr8v!
Missing character: There is no ụ in font utmr8v!
Missing character: There is no ậ in font utmr8v!
Missing character: There is no ấ in font utmr8v!
Missing character: There is no ệ in font utmr8v!
Missing character: There is no ồ in font utmr8v!
Missing character: There is no ế in font utmr8v!
Missing character: There is no đ in font utmr8v!
Missing character: There is no ổ in font utmr8v!
Missing character: There is no ở in font utmr8v!
Missing character: There is no ứ in font utmr8v!
Missing character: There is no ẹ in font utmr8v!
Missing character: There is no ờ in font utmr8v!
Missing character: There is no đ in font utmr8v!
Missing character: There is no ề in font utmr8v!
Missing character: There is no ỉ in font utmr8v!
Missing character: There is no ắ in font utmr8v!
Missing character: There is no ế in font utmr8v!
Missing character: There is no đ in font utmr8v!
Missing character: There is no ổ in font utmr8v!
Missing character: There is no đ in font utmr8v!
Missing character: There is no ư in font utmr8v!
Missing character: There is no ợ in font utmr8v!
Missing character: There is no ọ in font utmr8v!
Missing character: There is no đ in font utmr8v!
Missing character: There is no ể in font utmr8v!
Missing character: There is no ỏ in font utmr8v!
Missing character: There is no đ in font utmr8v!
Missing character: There is no ổ in font utmr8v!
Missing character: There is no đ in font utmr8v!
Missing character: There is no ề in font utmr8v!
Missing character: There is no ệ in font utmr8v!
Missing character: There is no ụ in font utmr8v!
Missing character: There is no ư in font utmr8v!
Missing character: There is no ủ in font utmr8v!
Missing character: There is no đ in font utmr8v!
Missing character: There is no ấ in font utmr8v!
Missing character: There is no ấ in font utmr8v!
Missing character: There is no ạ in font utmr8v!
Missing character: There is no ặ in font utmr8v!
Missing character: There is no ỗ in font utmr8v!
Missing character: There is no ấ in font utmr8v!
Missing character: There is no ả in font utmr8v!
Missing character: There is no ẩ in font utmr8v!
Missing character: There is no ố in font utmr8v!
Missing character: There is no ự in font utmr8v!
Missing character: There is no ọ in font utmr8v!
Missing character: There is no ọ in font utmr8v!
Missing character: There is no ố in font utmr8v!
Missing character: There is no đ in font utmr8v!
Missing character: There is no ư in font utmr8v!
Missing character: There is no ợ in font utmr8v!
Missing character: There is no ặ in font utmr8v!
Missing character: There is no ế in font utmr8v!
Missing character: There is no đ in font utmr8v!
Missing character: There is no ị in font utmr8v!
Missing character: There is no ằ in font utmr8v!
Missing character: There is no đ in font utmr8v!
Missing character: There is no ư in font utmr8v!
Missing character: There is no ợ in font utmr8v!
Missing character: There is no ư in font utmr8v!
Missing character: There is no ớ in font utmr8v!
Missing character: There is no ồ in font utmr8v!
Missing character: There is no ọ in font utmr8v!
Missing character: There is no ụ in font utmr8v!
Missing character: There is no ặ in font utmr8v!
Missing character: There is no ố in font utmr8v!
Missing character: There is no ư in font utmr8v!
Missing character: There is no ơ in font utmr8v!
Missing character: There is no ự in font utmr8v!
Missing character: There is no ụ in font utmr8v!
Missing character: There is no ủ in font utmr8v!
Missing character: There is no ả in font utmr8v!
Missing character: There is no ộ in font utmr8v!
Missing character: There is no ặ in font utmr8v!
Missing character: There is no đ in font utmr8v!
Missing character: There is no ị in font utmr8v!
Missing character: There is no ọ in font utmr8v!
Missing character: There is no ộ in font utmr8v!
Missing character: There is no ữ in font utmr8v!
Missing character: There is no ệ in font utmr8v!
Missing character: There is no ể in font utmr8v!
Missing character: There is no ệ in font utmr8v!
Missing character: There is no ế in font utmr8v!
Missing character: There is no ậ in font utmr8v!
Missing character: There is no ề in font utmr8v!
Missing character: There is no ữ in font utmr8v!
Missing character: There is no đ in font utmr8v!
Missing character: There is no ư in font utmr8v!
Missing character: There is no ợ in font utmr8v!
Missing character: There is no đ in font utmr8v!
Missing character: There is no ề in font utmr8v!
Missing character: There is no ệ in font utmr8v!
Missing character: There is no ữ in font utmr8v!
Missing character: There is no ệ in font utmr8v!
Missing character: There is no đ in font utmr8v!
Missing character: There is no đ in font utmr8v!
Missing character: There is no ư in font utmr8v!
Missing character: There is no ợ in font utmr8v!
Missing character: There is no ố in font utmr8v!
Missing character: There is no đ in font utmr8v!
Missing character: There is no ị in font utmr8v!
Missing character: There is no ể in font utmr8v!
Missing character: There is no ớ in font utmr8v!
Missing character: There is no ạ in font utmr8v!
Missing character: There is no đ in font utmr8v!
Missing character: There is no đ in font utmr8v!
Missing character: There is no ư in font utmr8v!
Missing character: There is no ợ in font utmr8v!
Missing character: There is no ư in font utmr8v!
Missing character: There is no ố in font utmr8v!
Missing character: There is no ả in font utmr8v!
Missing character: There is no ữ in font utmr8v!
Missing character: There is no đ in font utmr8v!
Missing character: There is no ồ in font utmr8v!
Missing character: There is no đ in font utmr8v!
Missing character: There is no ề in font utmr8v!
Missing character: There is no ớ in font utmr8v!
Missing character: There is no ỉ in font utmr8v!
Missing character: There is no ố in font utmr8v!
Missing character: There is no ồ in font utmr8v!
Missing character: There is no ị in font utmr8v!
Missing character: There is no đ in font utmr8v!
Missing character: There is no ư in font utmr8v!
Missing character: There is no ợ in font utmr8v!
Missing character: There is no đ in font utmr8v!
Missing character: There is no ể in font utmr8v!
Missing character: There is no đ in font utmr8v!
Missing character: There is no ể in font utmr8v!
Missing character: There is no ớ in font utmr8v!
Missing character: There is no ễ in font utmr8v!
Missing character: There is no ố in font utmr8v!
Missing character: There is no ế in font utmr8v!
Missing character: There is no ả in font utmr8v!
Missing character: There is no ớ in font utmr8v!
Missing character: There is no ằ in font utmr8v!
Missing character: There is no ố in font utmr8v!
Missing character: There is no ổ in font utmr8v!
Missing character: There is no đ in font utmr8v!
Missing character: There is no ị in font utmr8v!
Missing character: There is no đ in font utmr8v!
Missing character: There is no ư in font utmr8v!
Missing character: There is no ợ in font utmr8v!
Missing character: There is no đ in font utmr8v!
Missing character: There is no ỉ in font utmr8v!
Missing character: There is no ố in font utmr8v!
Missing character: There is no ủ in font utmr8v!
Missing character: There is no ố in font utmr8v!
Missing character: There is no ấ in font utmr8v!
Missing character: There is no ư in font utmr8v!
Missing character: There is no ợ in font utmr8v!
Missing character: There is no ấ in font utmr8v!
Missing character: There is no đ in font utmr8v!
Missing character: There is no ư in font utmr8v!
Missing character: There is no ợ in font utmr8v!
Missing character: There is no ổ in font utmr8v!
Missing character: There is no ằ in font utmr8v!
Missing character: There is no ỉ in font utmr8v!
Missing character: There is no ố in font utmr8v!
Missing character: There is no ế in font utmr8v!
Missing character: There is no ệ in font utmr8v!
Missing character: There is no ă in font utmr8v!
Missing character: There is no ậ in font utmr8v!
Missing character: There is no ệ in font utmr8v!
Missing character: There is no ư in font utmr8v!
Missing character: There is no ệ in font utmr8v!
Missing character: There is no ố in font utmr8v!
Missing character: There is no ạ in font utmr8v!
Missing character: There is no đ in font utmr8v!
Missing character: There is no ờ in font utmr8v!
Missing character: There is no ớ in font utmr8v!
Missing character: There is no ố in font utmr8v!
Missing character: There is no ể in font utmr8v!
Missing character: There is no ễ in font utmr8v!
Missing character: There is no ự in font utmr8v!
Missing character: There is no ự in font utmr8v!
Missing character: There is no ấ in font utmr8v!
Missing character: There is no ệ in font utmr8v!
Missing character: There is no ă in font utmr8v!
Missing character: There is no ậ in font utmr8v!
Missing character: There is no ệ in font utmr8v!
Missing character: There is no ậ in font utmr8v!
Missing character: There is no ố in font utmr8v!
Missing character: There is no ồ in font utmr8v!
Missing character: There is no ỗ in font utmr8v!
Missing character: There is no ậ in font utmr8v!
Missing character: There is no ố in font utmr8v!
Missing character: There is no ữ in font utmr8v!
Missing character: There is no ậ in font utmr8v!
Missing character: There is no đ in font utmr8v!
Missing character: There is no ộ in font utmr8v!
Missing character: There is no ư in font utmr8v!
Missing character: There is no ơ in font utmr8v!
Missing character: There is no đ in font utmr8v!
Missing character: There is no ồ in font utmr8v!
Missing character: There is no ậ in font utmr8v!
Missing character: There is no ừ in font utmr8v!
Missing character: There is no ộ in font utmr8v!
Missing character: There is no ấ in font utmr8v!
Missing character: There is no ế in font utmr8v!
Missing character: There is no ớ in font utmr8v!
Missing character: There is no đ in font utmr8v!
Missing character: There is no ố in font utmr8v!
Missing character: There is no ế in font utmr8v!
Missing character: There is no ị in font utmr8v!
Missing character: There is no ử in font utmr8v!
Missing character: There is no ả in font utmr8v!

LaTeX Warning: Reference `tab:split_ablation' on page 7 undefined on input line
 38.

Missing character: There is no ố in font utmr8v!
Missing character: There is no ự in font utmr8v!
Missing character: There is no đ in font utmr8v!
Missing character: There is no ạ in font utmr8v!
Missing character: There is no ủ in font utmr8v!
Missing character: There is no ặ in font utmr8v!
Missing character: There is no ả in font utmr8v!
Missing character: There is no ỉ in font utmr8v!
Missing character: There is no ố in font utmr8v!
Missing character: There is no ẩ in font utmr8v!
Missing character: There is no đ in font utmr8v!
Missing character: There is no ề in font utmr8v!
Missing character: There is no ứ in font utmr8v!
Missing character: There is no đ in font utmr8v!
Missing character: There is no ộ in font utmr8v!
Missing character: There is no ầ in font utmr8v!
Missing character: There is no ủ in font utmr8v!
Missing character: There is no ả in font utmr8v!
Missing character: There is no ả in font utmr8v!
Missing character: There is no ư in font utmr8v!
Missing character: There is no ớ in font utmr8v!
Missing character: There is no đ in font utmr8v!
Missing character: There is no ự in font utmr8v!
Missing character: There is no ế in font utmr8v!
Missing character: There is no ủ in font utmr8v!
Missing character: There is no ỉ in font utmr8v!
Missing character: There is no ọ in font utmr8v!
Missing character: There is no ả in font utmr8v!
Missing character: There is no ị in font utmr8v!
Missing character: There is no ắ in font utmr8v!
Missing character: There is no ờ in font utmr8v!
Missing character: There is no ở in font utmr8v!
Missing character: There is no ể in font utmr8v!
Missing character: There is no ả in font utmr8v!
Missing character: There is no đ in font utmr8v!
Missing character: There is no ư in font utmr8v!
Missing character: There is no ợ in font utmr8v!
Missing character: There is no đ in font utmr8v!
Missing character: There is no ố in font utmr8v!
Missing character: There is no ế in font utmr8v!
Missing character: There is no ớ in font utmr8v!
Missing character: There is no ư in font utmr8v!
Missing character: There is no ớ in font utmr8v!
Missing character: There is no ế in font utmr8v!
Missing character: There is no ậ in font utmr8v!
) (sections/results.tex
Missing character: There is no ả in font utmr8v!

LaTeX Warning: Reference `tab:baseline_report' on page 7 undefined on input lin
e 4.

Missing character: There is no ộ in font utmr8v!
Missing character: There is no ạ in font utmr8v!
Missing character: There is no ậ in font utmr8v!
Missing character: There is no ể in font utmr8v!
Missing character: There is no ử in font utmr8v!
Missing character: There is no ủ in font utmr8v!
Missing character: There is no đ in font utmr8v!
Missing character: There is no ạ in font utmr8v!
Missing character: There is no đ in font utmr8v!
Missing character: There is no ạ in font utmr8v!
Missing character: There is no đ in font utmr8v!
Missing character: There is no ạ in font utmr8v!
Missing character: There is no ệ in font utmr8v!
Missing character: There is no ữ in font utmr8v!
Missing character: There is no ấ in font utmr8v!
Missing character: There is no ệ in font utmr8v!
Missing character: There is no ă in font utmr8v!
Missing character: There is no đ in font utmr8v!
Missing character: There is no ồ in font utmr8v!
Missing character: There is no đ in font utmr8v!
Missing character: There is no ề in font utmr8v!
Missing character: There is no ữ in font utmr8v!
Missing character: There is no ộ in font utmr8v!
Missing character: There is no ữ in font utmr8v!
Missing character: There is no ớ in font utmr8v!
Missing character: There is no ấ in font utmr8v!
Missing character: There is no ử in font utmr8v!
Missing character: There is no ế in font utmr8v!
Missing character: There is no ả in font utmr8v!
Missing character: There is no ợ in font utmr8v!
Missing character: There is no ớ in font utmr8v!
Missing character: There is no ậ in font utmr8v!
Missing character: There is no đ in font utmr8v!
Missing character: There is no ị in font utmr8v!
Missing character: There is no ằ in font utmr8v!
Missing character: There is no ứ in font utmr8v!
Missing character: There is no ế in font utmr8v!
Missing character: There is no ộ in font utmr8v!
Missing character: There is no ớ in font utmr8v!
Missing character: There is no ẹ in font utmr8v!
Missing character: There is no ế in font utmr8v!
Missing character: There is no ỉ in font utmr8v!
Missing character: There is no ừ in font utmr8v!
Missing character: There is no ộ in font utmr8v!
Missing character: There is no ậ in font utmr8v!
Missing character: There is no ầ in font utmr8v!
Missing character: There is no ẫ in font utmr8v!

LaTeX Warning: Reference `fig:confusion_matrix' on page 7 undefined on input li
ne 43.

Missing character: There is no ấ in font utmr8v!
Missing character: There is no ế in font utmr8v!
Missing character: There is no ặ in font utmr8v!
Missing character: There is no ầ in font utmr8v!
Missing character: There is no ẫ in font utmr8v!
Missing character: There is no đ in font utmr8v!
Missing character: There is no ể in font utmr8v!
Missing character: There is no đ in font utmr8v!
Missing character: There is no ị in font utmr8v!
Missing character: There is no ư in font utmr8v!
Missing character: There is no ớ in font utmr8v!
Missing character: There is no ể in font utmr8v!
Missing character: There is no ả in font utmr8v!
Missing character: There is no ố in font utmr8v!
Missing character: There is no ậ in font utmr8v!
File: fig/confusion_matrix_test.png Graphic file (type bmp)
<fig/confusion_matrix_test.png>
Missing character: There is no ả in font utmr8v!

LaTeX Warning: Reference `tab:split_ablation' on page 7 undefined on input line
 53.

Missing character: There is no đ in font utmr8v!
Missing character: There is no ă in font utmr8v!
Missing character: There is no ữ in font utmr8v!
Missing character: There is no đ in font utmr8v!
Missing character: There is no ạ in font utmr8v!
Missing character: There is no đ in font utmr8v!
Missing character: There is no ạ in font utmr8v!
Missing character: There is no ệ in font utmr8v!
Missing character: There is no đ in font utmr8v!
Missing character: There is no ể in font utmr8v!
Missing character: There is no ệ in font utmr8v!
Missing character: There is no đ in font utmr8v!
Missing character: There is no ố in font utmr8v!
Missing character: There is no đ in font utmr8v!
Missing character: There is no ổ in font utmr8v!
Missing character: There is no ừ in font utmr8v!
Missing character: There is no ố in font utmr8v!
Missing character: There is no ộ in font utmr8v!
Missing character: There is no ấ in font utmr8v!
Missing character: There is no ộ in font utmr8v!
Missing character: There is no ạ in font utmr8v!
Missing character: There is no đ in font utmr8v!
Missing character: There is no ư in font utmr8v!
Missing character: There is no ợ in font utmr8v!
Missing character: There is no ữ in font utmr8v!
Missing character: There is no ệ in font utmr8v!
Missing character: There is no ấ in font utmr8v!
Missing character: There is no đ in font utmr8v!
Missing character: There is no ơ in font utmr8v!
Missing character: There is no ị in font utmr8v!
Missing character: There is no ể in font utmr8v!
Missing character: There is no đ in font utmr8v!
Missing character: There is no ổ in font utmr8v!
Missing character: There is no đ in font utmr8v!
Missing character: There is no ể in font utmr8v!
Missing character: There is no ế in font utmr8v!
Missing character: There is no ả in font utmr8v!
Missing character: There is no đ in font utmr8v!
[7]
Missing character: There is no ả in font utmr8v!
Missing character: There is no ừ in font utmr8v!
Missing character: There is no ố in font utmr8v!
Missing character: There is no đ in font utmr8v!
Missing character: There is no ổ in font utmr8v!
Missing character: There is no ỏ in font utmr8v!
Missing character: There is no Đ in font utmr8v!
Missing character: There is no ấ in font utmr8v!
Missing character: There is no ệ in font utmr8v!
Missing character: There is no ấ in font utmr8v!
Missing character: There is no ớ in font utmr8v!
Missing character: There is no ệ in font utmr8v!
Missing character: There is no ạ in font utmr8v!
Missing character: There is no ộ in font utmr8v!
Missing character: There is no ố in font utmr8v!
Missing character: There is no ặ in font utmr8v!
Missing character: There is no ầ in font utmr8v!
Missing character: There is no ơ in font utmr8v!
Missing character: There is no ố in font utmr8v!
Missing character: There is no ự in font utmr8v!
Missing character: There is no ứ in font utmr8v!
Missing character: There is no ằ in font utmr8v!
Missing character: There is no ộ in font utmr8v!
Missing character: There is no ặ in font utmr8v!
Missing character: There is no ả in font utmr8v!
Missing character: There is no ồ in font utmr8v!
Missing character: There is no ế in font utmr8v!
Missing character: There is no ậ in font utmr8v!
Missing character: There is no ề in font utmr8v!
Missing character: There is no ỉ in font utmr8v!
Missing character: There is no ả in font utmr8v!
Missing character: There is no ự in font utmr8v!
Missing character: There is no ủ in font utmr8v!
Missing character: There is no ữ in font utmr8v!
Missing character: There is no ậ in font utmr8v!
Missing character: There is no ể in font utmr8v!
Missing character: There is no ễ in font utmr8v!
Missing character: There is no ả in font utmr8v!
Missing character: There is no ậ in font utmr8v!
Missing character: There is no ọ in font utmr8v!
Missing character: There is no ế in font utmr8v!
Missing character: There is no ả in font utmr8v!
Missing character: There is no ỉ in font utmr8v!
Missing character: There is no ậ in font utmr8v!
Missing character: There is no ằ in font utmr8v!
Missing character: There is no đ in font utmr8v!
Missing character: There is no ể in font utmr8v!
Missing character: There is no ố in font utmr8v!
Missing character: There is no ủ in font utmr8v!
Missing character: There is no ộ in font utmr8v!
Missing character: There is no ạ in font utmr8v!
Missing character: There is no ớ in font utmr8v!
Missing character: There is no ả in font utmr8v!
Missing character: There is no đ in font utmr8v!
Missing character: There is no ơ in font utmr8v!
Missing character: There is no ị in font utmr8v!
Missing character: There is no đ in font utmr8v!
Missing character: There is no đ in font utmr8v!
Missing character: There is no ư in font utmr8v!
Missing character: There is no ợ in font utmr8v!
Missing character: There is no ế in font utmr8v!
Missing character: There is no ế in font utmr8v!
Missing character: There is no đ in font utmr8v!
Missing character: There is no ể in font utmr8v!
Missing character: There is no ễ in font utmr8v!
Missing character: There is no ơ in font utmr8v!
Missing character: There is no ặ in font utmr8v!
Missing character: There is no ơ in font utmr8v!
Missing character: There is no ộ in font utmr8v!
Missing character: There is no đ in font utmr8v!
Missing character: There is no ị in font utmr8v!
Missing character: There is no ỏ in font utmr8v!
Missing character: There is no đ in font utmr8v!
Missing character: There is no ậ in font utmr8v!
Missing character: There is no ệ in font utmr8v!
Missing character: There is no ộ in font utmr8v!
Missing character: There is no ả in font utmr8v!
Missing character: There is no ừ in font utmr8v!
Missing character: There is no ẫ in font utmr8v!
Missing character: There is no ậ in font utmr8v!
Missing character: There is no ư in font utmr8v!
Missing character: There is no ấ in font utmr8v!
Missing character: There is no ệ in font utmr8v!
Missing character: There is no ể in font utmr8v!
Missing character: There is no đ in font utmr8v!
Missing character: There is no ệ in font utmr8v!
Missing character: There is no đ in font utmr8v!
Missing character: There is no ể in font utmr8v!
Missing character: There is no ầ in font utmr8v!
Missing character: There is no ă in font utmr8v!
Missing character: There is no đ in font utmr8v!
Missing character: There is no ư in font utmr8v!
Missing character: There is no ợ in font utmr8v!
Missing character: There is no ọ in font utmr8v!
Missing character: There is no ứ in font utmr8v!
Missing character: There is no đ in font utmr8v!
Missing character: There is no ể in font utmr8v!
Missing character: There is no ọ in font utmr8v!
Missing character: There is no ộ in font utmr8v!
Missing character: There is no ữ in font utmr8v!
Missing character: There is no ệ in font utmr8v!
Missing character: There is no đ in font utmr8v!
Missing character: There is no ứ in font utmr8v!
Missing character: There is no ệ in font utmr8v!
Missing character: There is no đ in font utmr8v!
Missing character: There is no ư in font utmr8v!
Missing character: There is no ợ in font utmr8v!
Missing character: There is no ấ in font utmr8v!
Missing character: There is no ệ in font utmr8v!
Missing character: There is no ạ in font utmr8v!
Missing character: There is no ế in font utmr8v!
Missing character: There is no ả in font utmr8v!
Missing character: There is no ấ in font utmr8v!
Missing character: There is no ỉ in font utmr8v!
Missing character: There is no ĩ in font utmr8v!
Missing character: There is no đ in font utmr8v!
Missing character: There is no ư in font utmr8v!
Missing character: There is no ợ in font utmr8v!
Missing character: There is no ư in font utmr8v!
Missing character: There is no ớ in font utmr8v!
Missing character: There is no ử in font utmr8v!
Missing character: There is no ệ in font utmr8v!
Missing character: There is no ớ in font utmr8v!
Missing character: There is no ư in font utmr8v!
Missing character: There is no ơ in font utmr8v!
Missing character: There is no ể in font utmr8v!
Missing character: There is no đ in font utmr8v!
Missing character: There is no ư in font utmr8v!
Missing character: There is no ợ in font utmr8v!
Missing character: There is no ằ in font utmr8v!
Missing character: There is no ụ in font utmr8v!
Missing character: There is no ố in font utmr8v!
Missing character: There is no ế in font utmr8v!
Missing character: There is no ả in font utmr8v!
Missing character: There is no đ in font utmr8v!
Missing character: There is no ầ in font utmr8v!
Missing character: There is no đ in font utmr8v!
Missing character: There is no ủ in font utmr8v!
Missing character: There is no ỗ in font utmr8v!
Missing character: There is no ư in font utmr8v!
Missing character: There is no ơ in font utmr8v!
Missing character: There is no ầ in font utmr8v!
Missing character: There is no ố in font utmr8v!
Missing character: There is no ẫ in font utmr8v!
Missing character: There is no ậ in font utmr8v!
Missing character: There is no ỗ in font utmr8v!
Missing character: There is no ậ in font utmr8v!
Missing character: There is no đ in font utmr8v!
Missing character: There is no ộ in font utmr8v!
Missing character: There is no ế in font utmr8v!
Missing character: There is no ữ in font utmr8v!
Missing character: There is no ầ in font utmr8v!
Missing character: There is no ạ in font utmr8v!
Missing character: There is no ộ in font utmr8v!
Missing character: There is no đ in font utmr8v!
Missing character: There is no ể in font utmr8v!
Missing character: There is no ố in font utmr8v!
Missing character: There is no ấ in font utmr8v!
Missing character: There is no đ in font utmr8v!
Missing character: There is no ủ in font utmr8v!
Missing character: There is no đ in font utmr8v!
Missing character: There is no ể in font utmr8v!
Missing character: There is no đ in font utmr8v!
Missing character: There is no ộ in font utmr8v!
Missing character: There is no ủ in font utmr8v!
Missing character: There is no ế in font utmr8v!
Missing character: There is no ỏ in font utmr8v!
Missing character: There is no đ in font utmr8v!
Missing character: There is no ộ in font utmr8v!
Missing character: There is no ủ in font utmr8v!
Missing character: There is no ấ in font utmr8v!
Missing character: There is no ữ in font utmr8v!
Missing character: There is no ệ in font utmr8v!
Missing character: There is no ứ in font utmr8v!
Missing character: There is no ấ in font utmr8v!
Missing character: There is no ế in font utmr8v!
Missing character: There is no ả in font utmr8v!
Missing character: There is no ệ in font utmr8v!
Missing character: There is no ự in font utmr8v!
Missing character: There is no ộ in font utmr8v!
Missing character: There is no đ in font utmr8v!
Missing character: There is no ế in font utmr8v!
Missing character: There is no ư in font utmr8v!
Missing character: There is no ể in font utmr8v!
Missing character: There is no ả in font utmr8v!
Missing character: There is no ậ in font utmr8v!
Missing character: There is no ủ in font utmr8v!
Missing character: There is no ứ in font utmr8v!
Missing character: There is no ứ in font utmr8v!
Missing character: There is no ả in font utmr8v!
Missing character: There is no ă in font utmr8v!
Missing character: There is no ổ in font utmr8v!
Missing character: There is no đ in font utmr8v!
Missing character: There is no ặ in font utmr8v!
Missing character: There is no ệ in font utmr8v!
Missing character: There is no ế in font utmr8v!
Missing character: There is no ị in font utmr8v!
Missing character: There is no đ in font utmr8v!
Missing character: There is no ề in font utmr8v!
Missing character: There is no ệ in font utmr8v!
Missing character: There is no ề in font utmr8v!
Missing character: There is no ặ in font utmr8v!
Missing character: There is no ặ in font utmr8v!
Missing character: There is no ồ in font utmr8v!
Missing character: There is no ẫ in font utmr8v!
Missing character: There is no ư in font utmr8v!
Missing character: There is no đ in font utmr8v!
Missing character: There is no ư in font utmr8v!
Missing character: There is no ợ in font utmr8v!
Missing character: There is no ể in font utmr8v!
Missing character: There is no ứ in font utmr8v!
Missing character: There is no ằ in font utmr8v!
Missing character: There is no ứ in font utmr8v!
Missing character: There is no đ in font utmr8v!
Missing character: There is no ộ in font utmr8v!
Missing character: There is no ậ in font utmr8v!
Missing character: There is no ủ in font utmr8v!
Missing character: There is no ẫ in font utmr8v!
Missing character: There is no ậ in font utmr8v!
Missing character: There is no ụ in font utmr8v!
Missing character: There is no ộ in font utmr8v!
Missing character: There is no ự in font utmr8v!
Missing character: There is no ế in font utmr8v!
Missing character: There is no đ in font utmr8v!
Missing character: There is no ộ in font utmr8v!
Missing character: There is no đ in font utmr8v!
Missing character: There is no ầ in font utmr8v!
Missing character: There is no đ in font utmr8v!
Missing character: There is no ủ in font utmr8v!
Missing character: There is no ủ in font utmr8v!
Missing character: There is no ữ in font utmr8v!
Missing character: There is no ớ in font utmr8v!
Missing character: There is no ạ in font utmr8v!
Missing character: There is no đ in font utmr8v!
Missing character: There is no ộ in font utmr8v!
Missing character: There is no ơ in font utmr8v!
Missing character: There is no đ in font utmr8v!
Missing character: There is no ể in font utmr8v!
Missing character: There is no ả in font utmr8v!
Missing character: There is no ề in font utmr8v!
Missing character: There is no ộ in font utmr8v!
Missing character: There is no ậ in font utmr8v!
Missing character: There is no ể in font utmr8v!
Missing character: There is no ử in font utmr8v!
Missing character: There is no ồ in font utmr8v!
Missing character: There is no ứ in font utmr8v!
Missing character: There is no ế in font utmr8v!
) (sections/explainability.tex

LaTeX Warning: Citation `tsne' on page 8 undefined on input line 4.

Missing character: There is no đ in font utmr8v!
Missing character: There is no ể in font utmr8v!
Missing character: There is no ả in font utmr8v!
Missing character: There is no ủ in font utmr8v!
Missing character: There is no ồ in font utmr8v!
Missing character: There is no đ in font utmr8v!
Missing character: There is no ư in font utmr8v!
Missing character: There is no ợ in font utmr8v!
Missing character: There is no ọ in font utmr8v!
Missing character: There is no ế in font utmr8v!
Missing character: There is no ả in font utmr8v!
Missing character: There is no ạ in font utmr8v!
Missing character: There is no ấ in font utmr8v!
Missing character: There is no ệ in font utmr8v!
Missing character: There is no ă in font utmr8v!
Missing character: There is no đ in font utmr8v!
Missing character: There is no ồ in font utmr8v!
Missing character: There is no đ in font utmr8v!
Missing character: There is no ề in font utmr8v!
Missing character: There is no ệ in font utmr8v!
Missing character: There is no ạ in font utmr8v!
Missing character: There is no ầ in font utmr8v!

LaTeX Warning: Reference `fig:tsne_comparison' on page 8 undefined on input lin
e 4.

Missing character: There is no ủ in font utmr8v!
Missing character: There is no ơ in font utmr8v!
Missing character: There is no ở in font utmr8v!
Missing character: There is no ớ in font utmr8v!
Missing character: There is no ọ in font utmr8v!
Missing character: There is no ể in font utmr8v!
Missing character: There is no ễ in font utmr8v!
File: fig/tsne_comparison.png Graphic file (type bmp)
<fig/tsne_comparison.png>
Missing character: There is no ỉ in font utmr8v!
Missing character: There is no ế in font utmr8v!
Missing character: There is no ụ in font utmr8v!
Missing character: There is no ụ in font utmr8v!
Missing character: There is no ả in font utmr8v!
Missing character: There is no ậ in font utmr8v!
Missing character: There is no đ in font utmr8v!
Missing character: There is no ộ in font utmr8v!
Missing character: There is no ặ in font utmr8v!
Missing character: There is no ẳ in font utmr8v!
Missing character: There is no ề in font utmr8v!
Missing character: There is no ụ in font utmr8v!
Missing character: There is no ộ in font utmr8v!
Missing character: There is no ố in font utmr8v!
Missing character: There is no ả in font utmr8v!
Missing character: There is no đ in font utmr8v!
Missing character: There is no ầ in font utmr8v!
Missing character: There is no đ in font utmr8v!
Missing character: There is no ủ in font utmr8v!
Missing character: There is no ọ in font utmr8v!
Missing character: There is no ở in font utmr8v!
Missing character: There is no ố in font utmr8v!
Missing character: There is no ậ in font utmr8v!
Missing character: There is no ụ in font utmr8v!
Missing character: There is no ấ in font utmr8v!
Missing character: There is no đ in font utmr8v!
Missing character: There is no ư in font utmr8v!
Missing character: There is no ợ in font utmr8v!
Missing character: There is no đ in font utmr8v!
Missing character: There is no ể in font utmr8v!
Missing character: There is no ự in font utmr8v!
Missing character: There is no ọ in font utmr8v!
Missing character: There is no ọ in font utmr8v!
Missing character: There is no ặ in font utmr8v!
Missing character: There is no ế in font utmr8v!
Missing character: There is no ậ in font utmr8v!
Missing character: There is no ề in font utmr8v!
Missing character: There is no ả in font utmr8v!
Missing character: There is no ă in font utmr8v!
Missing character: There is no ữ in font utmr8v!
Missing character: There is no ế in font utmr8v!
Missing character: There is no ậ in font utmr8v!
Missing character: There is no đ in font utmr8v!
Missing character: There is no ị in font utmr8v!
Missing character: There is no ư in font utmr8v!
Missing character: There is no ợ in font utmr8v!
Missing character: There is no đ in font utmr8v!
Missing character: There is no ư in font utmr8v!
Missing character: There is no ợ in font utmr8v!
Missing character: There is no ự in font utmr8v!
Missing character: There is no ỉ in font utmr8v!
Missing character: There is no ố in font utmr8v!
Missing character: There is no ụ in font utmr8v!
Missing character: There is no ở in font utmr8v!
Missing character: There is no ố in font utmr8v!
Missing character: There is no ậ in font utmr8v!
Missing character: There is no ữ in font utmr8v!
Missing character: There is no ệ in font utmr8v!
Missing character: There is no đ in font utmr8v!

LaTeX Warning: Reference `fig:distance_distribution' on page 8 undefined on inp
ut line 16.

Missing character: There is no ể in font utmr8v!
Missing character: There is no ễ in font utmr8v!
Missing character: There is no ố in font utmr8v!
Missing character: There is no ả in font utmr8v!
Missing character: There is no ữ in font utmr8v!
Missing character: There is no ặ in font utmr8v!
Missing character: There is no ớ in font utmr8v!
Missing character: There is no đ in font utmr8v!
Missing character: There is no ư in font utmr8v!
Missing character: There is no ợ in font utmr8v!
Missing character: There is no ẩ in font utmr8v!
Missing character: There is no ả in font utmr8v!
Missing character: There is no ệ in font utmr8v!
Missing character: There is no ự in font utmr8v!
Missing character: There is no ế in font utmr8v!
Missing character: There is no ớ in font utmr8v!
Missing character: There is no ộ in font utmr8v!
Missing character: There is no ữ in font utmr8v!
Missing character: There is no ư in font utmr8v!
Missing character: There is no ờ in font utmr8v!
Missing character: There is no ư in font utmr8v!
Missing character: There is no ớ in font utmr8v!
Missing character: There is no ả in font utmr8v!
Missing character: There is no ả in font utmr8v!
Missing character: There is no ă in font utmr8v!
Missing character: There is no ả in font utmr8v!
Missing character: There is no ư in font utmr8v!
Missing character: There is no ố in font utmr8v!
Missing character: There is no ẫ in font utmr8v!
Missing character: There is no ể in font utmr8v!
Missing character: There is no ồ in font utmr8v!
Missing character: There is no ấ in font utmr8v!
Missing character: There is no ở in font utmr8v!
Missing character: There is no ầ in font utmr8v!
Missing character: There is no ặ in font utmr8v!
Missing character: There is no ở in font utmr8v!
Missing character: There is no ẫ in font utmr8v!
Missing character: There is no ậ in font utmr8v!
Missing character: There is no đ in font utmr8v!
Missing character: There is no ề in font utmr8v!
Missing character: There is no ệ in font utmr8v!
Missing character: There is no ậ in font utmr8v!
Missing character: There is no ệ in font utmr8v!
Missing character: There is no đ in font utmr8v!
Missing character: There is no ể in font utmr8v!
Missing character: There is no đ in font utmr8v!
Missing character: There is no ồ in font utmr8v!
Missing character: There is no đ in font utmr8v!
Missing character: There is no ư in font utmr8v!
Missing character: There is no ợ in font utmr8v!
Missing character: There is no đ in font utmr8v!
Missing character: There is no ể in font utmr8v!
Missing character: There is no ệ in font utmr8v!
Missing character: There is no ồ in font utmr8v!
Missing character: There is no ấ in font utmr8v!
Missing character: There is no ặ in font utmr8v!
Missing character: There is no ầ in font utmr8v!
Missing character: There is no ả in font utmr8v!
Missing character: There is no đ in font utmr8v!
Missing character: There is no ể in font utmr8v!
Missing character: There is no ẳ in font utmr8v!
Missing character: There is no đ in font utmr8v!
Missing character: There is no ị in font utmr8v!
Missing character: There is no ộ in font utmr8v!
Missing character: There is no ạ in font utmr8v!
Missing character: There is no ệ in font utmr8v!
Missing character: There is no đ in font utmr8v!
Missing character: There is no ố in font utmr8v!
File: fig/distance_distribution.png Graphic file (type bmp)
<fig/distance_distribution.png>
Missing character: There is no đ in font utmr8v!
Missing character: There is no ư in font utmr8v!
Missing character: There is no ợ in font utmr8v!
Missing character: There is no đ in font utmr8v!
Missing character: There is no ể in font utmr8v!
Missing character: There is no ể in font utmr8v!
Missing character: There is no đ in font utmr8v!
Missing character: There is no ị in font utmr8v!
Missing character: There is no ả in font utmr8v!
Missing character: There is no đ in font utmr8v!
Missing character: There is no ự in font utmr8v!
Missing character: There is no đ in font utmr8v!

LaTeX Warning: Citation `gradcam' on page 8 undefined on input line 30.


LaTeX Warning: Reference `fig:grad_cam' on page 8 undefined on input line 30.

Missing character: There is no đ in font utmr8v!
Missing character: There is no ố in font utmr8v!
Missing character: There is no ế in font utmr8v!
Missing character: There is no ệ in font utmr8v!
Missing character: There is no ậ in font utmr8v!
Missing character: There is no ấ in font utmr8v!
Missing character: There is no ỗ in font utmr8v!
Missing character: There is no ẳ in font utmr8v!
Missing character: There is no ạ in font utmr8v!
Missing character: There is no ỗ in font utmr8v!
Missing character: There is no ạ in font utmr8v!
Missing character: There is no ỗ in font utmr8v!
Missing character: There is no ặ in font utmr8v!
Missing character: There is no ậ in font utmr8v!
Missing character: There is no ề in font utmr8v!
Missing character: There is no ề in font utmr8v!
Missing character: There is no ả in font utmr8v!
Missing character: There is no ế in font utmr8v!
Missing character: There is no ụ in font utmr8v!
Missing character: There is no ằ in font utmr8v!
Missing character: There is no ủ in font utmr8v!
Missing character: There is no ế in font utmr8v!
Missing character: There is no ở in font utmr8v!
Missing character: There is no ề in font utmr8v!
Missing character: There is no ặ in font utmr8v!
Missing character: There is no ỗ in font utmr8v!
Missing character: There is no đ in font utmr8v!
Missing character: There is no ư in font utmr8v!
Missing character: There is no ợ in font utmr8v!
Missing character: There is no đ in font utmr8v!
Missing character: There is no ư in font utmr8v!
Missing character: There is no ể in font utmr8v!
Missing character: There is no ấ in font utmr8v!
Missing character: There is no ư in font utmr8v!
Missing character: There is no ợ in font utmr8v!
Missing character: There is no ậ in font utmr8v!
File: fig/grad-cam.png Graphic file (type bmp)
<fig/grad-cam.png>
Missing character: There is no ả in font utmr8v!
Missing character: There is no đ in font utmr8v!
Missing character: There is no ồ in font utmr8v!
Missing character: There is no ả in font utmr8v!
Missing character: There is no ằ in font utmr8v!
Missing character: There is no ứ in font utmr8v!
Missing character: There is no ả in font utmr8v!
Missing character: There is no ằ in font utmr8v!
Missing character: There is no ử in font utmr8v!
Missing character: There is no ụ in font utmr8v!
Missing character: There is no ộ in font utmr8v!
Missing character: There is no đ in font utmr8v!
Missing character: There is no ặ in font utmr8v!
Missing character: There is no ư in font utmr8v!
Missing character: There is no ả in font utmr8v!
Missing character: There is no ẫ in font utmr8v!
Missing character: There is no ụ in font utmr8v!
Missing character: There is no ể in font utmr8v!
Missing character: There is no ế in font utmr8v!
Missing character: There is no đ in font utmr8v!
Missing character: There is no ị in font utmr8v!
Missing character: There is no ủ in font utmr8v!
Missing character: There is no ỗ in font utmr8v!
Missing character: There is no ị in font utmr8v!
Missing character: There is no ủ in font utmr8v!
Missing character: There is no ỗ in font utmr8v!
Missing character: There is no ợ in font utmr8v!
Missing character: There is no ể in font utmr8v!
Missing character: There is no ế in font utmr8v!
Missing character: There is no ợ in font utmr8v!
Missing character: There is no ớ in font utmr8v!
Missing character: There is no ả in font utmr8v!
Missing character: There is no đ in font utmr8v!
Missing character: There is no ồ in font utmr8v!
Missing character: There is no ệ in font utmr8v!
Missing character: There is no ả in font utmr8v!
Missing character: There is no ă in font utmr8v!
Missing character: There is no ự in font utmr8v!
Missing character: There is no ố in font utmr8v!
Missing character: There is no ắ in font utmr8v!
Missing character: There is no ế in font utmr8v!
Missing character: There is no ị in font utmr8v!
Missing character: There is no đ in font utmr8v!
Missing character: There is no ề in font utmr8v!
Missing character: There is no ệ in font utmr8v!
Missing character: There is no ụ in font utmr8v!
Missing character: There is no ặ in font utmr8v!
Missing character: There is no ề in font utmr8v!
Missing character: There is no ử in font utmr8v!
Missing character: There is no ộ in font utmr8v!
Missing character: There is no đ in font utmr8v!
Missing character: There is no ạ in font utmr8v!
Missing character: There is no ơ in font utmr8v!
Missing character: There is no ầ in font utmr8v!
Missing character: There is no ệ in font utmr8v!
Missing character: There is no ả in font utmr8v!
Missing character: There is no ự in font utmr8v!
Missing character: There is no ế in font utmr8v!
Missing character: There is no đ in font utmr8v!
Missing character: There is no ế in font utmr8v!
Missing character: There is no ị in font utmr8v!
Missing character: There is no ặ in font utmr8v!
Missing character: There is no ồ in font utmr8v!
Missing character: There is no ẫ in font utmr8v!
) (sections/conclusion.tex
Missing character: There is no ứ in font utmr8v!
Missing character: There is no đ in font utmr8v!
Missing character: There is no ặ in font utmr8v!
Missing character: There is no ậ in font utmr8v!
Missing character: There is no ệ in font utmr8v!
Missing character: There is no ỗ in font utmr8v!
Missing character: There is no ộ in font utmr8v!
Missing character: There is no ữ in font utmr8v!
Missing character: There is no ệ in font utmr8v!
Missing character: There is no ấ in font utmr8v!
Missing character: There is no ẫ in font utmr8v!
Missing character: There is no ậ in font utmr8v!
Missing character: There is no ữ in font utmr8v!
Missing character: There is no ệ in font utmr8v!
Missing character: There is no ộ in font utmr8v!
Missing character: There is no ụ in font utmr8v!
Missing character: There is no ậ in font utmr8v!
Missing character: There is no ế in font utmr8v!
Missing character: There is no ồ in font utmr8v!
Missing character: There is no ấ in font utmr8v!
Missing character: There is no ư in font utmr8v!
Missing character: There is no ữ in font utmr8v!
Missing character: There is no ể in font utmr8v!
Missing character: There is no ổ in font utmr8v!
Missing character: There is no ầ in font utmr8v!
Missing character: There is no ủ in font utmr8v!
Missing character: There is no ư in font utmr8v!
Missing character: There is no ơ in font utmr8v!
Missing character: There is no ệ in font utmr8v!
Missing character: There is no ự in font utmr8v!
Missing character: There is no ổ in font utmr8v!
Missing character: There is no ằ in font utmr8v!
Missing character: There is no ữ in font utmr8v!
Missing character: There is no ộ in font utmr8v!
Missing character: There is no ả in font utmr8v!
Missing character: There is no ủ in font utmr8v!
Missing character: There is no ộ in font utmr8v!
Missing character: There is no ẫ in font utmr8v!
Missing character: There is no ậ in font utmr8v!
Missing character: There is no ộ in font utmr8v!
Missing character: There is no ậ in font utmr8v!
Missing character: There is no ằ in font utmr8v!
Missing character: There is no đ in font utmr8v!
Missing character: There is no ă in font utmr8v!
Missing character: There is no đ in font utmr8v!
Missing character: There is no ể in font utmr8v!
Missing character: There is no ệ in font utmr8v!
Missing character: There is no ư in font utmr8v!
Missing character: There is no ờ in font utmr8v!
Missing character: There is no ợ in font utmr8v!
Missing character: There is no ầ in font utmr8v!
Missing character: There is no ể in font utmr8v!
Missing character: There is no ạ in font utmr8v!
Missing character: There is no ồ in font utmr8v!
Missing character: There is no ố in font utmr8v!
[8]
Missing character: There is no ự in font utmr8v!
Missing character: There is no ệ in font utmr8v!
Missing character: There is no ấ in font utmr8v!
Missing character: There is no ộ in font utmr8v!
Missing character: There is no ế in font utmr8v!
Missing character: There is no ả in font utmr8v!
Missing character: There is no ệ in font utmr8v!
Missing character: There is no đ in font utmr8v!
Missing character: There is no ể in font utmr8v!
Missing character: There is no ữ in font utmr8v!
Missing character: There is no ế in font utmr8v!
Missing character: There is no ả in font utmr8v!
Missing character: There is no ứ in font utmr8v!
Missing character: There is no ọ in font utmr8v!
Missing character: There is no ả in font utmr8v!
Missing character: There is no đ in font utmr8v!
Missing character: There is no ề in font utmr8v!
Missing character: There is no ỉ in font utmr8v!
Missing character: There is no ư in font utmr8v!
Missing character: There is no ấ in font utmr8v!
Missing character: There is no đ in font utmr8v!
Missing character: There is no ơ in font utmr8v!
Missing character: There is no ị in font utmr8v!
Missing character: There is no ộ in font utmr8v!
Missing character: There is no ả in font utmr8v!
Missing character: There is no đ in font utmr8v!
Missing character: There is no ị in font utmr8v!
Missing character: There is no ả in font utmr8v!
Missing character: There is no ư in font utmr8v!
Missing character: There is no ở in font utmr8v!
Missing character: There is no ự in font utmr8v!
Missing character: There is no ế in font utmr8v!
Missing character: There is no đ in font utmr8v!
Missing character: There is no ế in font utmr8v!
Missing character: There is no ế in font utmr8v!
Missing character: There is no ậ in font utmr8v!
Missing character: There is no ề in font utmr8v!
Missing character: There is no đ in font utmr8v!
Missing character: There is no ế in font utmr8v!
Missing character: There is no ả in font utmr8v!
Missing character: There is no ậ in font utmr8v!
Missing character: There is no ệ in font utmr8v!
Missing character: There is no đ in font utmr8v!
Missing character: There is no ư in font utmr8v!
Missing character: There is no ợ in font utmr8v!
Missing character: There is no đ in font utmr8v!
Missing character: There is no ị in font utmr8v!
Missing character: There is no ĩ in font utmr8v!
Missing character: There is no đ in font utmr8v!
Missing character: There is no ơ in font utmr8v!
Missing character: There is no ị in font utmr8v!
Missing character: There is no ồ in font utmr8v!
Missing character: There is no ắ in font utmr8v!
Missing character: There is no ọ in font utmr8v!
Missing character: There is no ư in font utmr8v!
Missing character: There is no ớ in font utmr8v!
Missing character: There is no ế in font utmr8v!
Missing character: There is no ồ in font utmr8v!
Missing character: There is no ả in font utmr8v!
Missing character: There is no ạ in font utmr8v!
Missing character: There is no ề in font utmr8v!
Missing character: There is no ặ in font utmr8v!
Missing character: There is no ự in font utmr8v!
Missing character: There is no ậ in font utmr8v!
Missing character: There is no ể in font utmr8v!
Missing character: There is no ử in font utmr8v!
Missing character: There is no ồ in font utmr8v!
Missing character: There is no ớ in font utmr8v!
Missing character: There is no ế in font utmr8v!
Missing character: There is no ị in font utmr8v!
Missing character: There is no ẫ in font utmr8v!
Missing character: There is no ậ in font utmr8v!
Missing character: There is no đ in font utmr8v!
Missing character: There is no ộ in font utmr8v!
Missing character: There is no ậ in font utmr8v!
Missing character: There is no ệ in font utmr8v!
Missing character: There is no ế in font utmr8v!
Missing character: There is no ợ in font utmr8v!
Missing character: There is no ể in font utmr8v!
Missing character: There is no ữ in font utmr8v!
Missing character: There is no ệ in font utmr8v!
Missing character: There is no ớ in font utmr8v!
Missing character: There is no ả in font utmr8v!
Missing character: There is no ẫ in font utmr8v!
Missing character: There is no ỗ in font utmr8v!
Missing character: There is no ũ in font utmr8v!
Missing character: There is no ầ in font utmr8v!
Missing character: There is no ế in font utmr8v!
Missing character: There is no đ in font utmr8v!
Missing character: There is no ể in font utmr8v!
Missing character: There is no ệ in font utmr8v!
Missing character: There is no ệ in font utmr8v!
Missing character: There is no ọ in font utmr8v!
Missing character: There is no ự in font utmr8v!
Missing character: There is no ự in font utmr8v!
Missing character: There is no ớ in font utmr8v!
Missing character: There is no ệ in font utmr8v!
Missing character: There is no ậ in font utmr8v!
Missing character: There is no ả in font utmr8v!
) (sections/references.tex) [9] (latex_paper.aux)
 ***********
LaTeX2e <2026-06-01>
L3 programming layer <2026-05-26>
 ***********


LaTeX Font Warning: Some font shapes were not available, defaults substituted.


LaTeX Warning: There were undefined references.


LaTeX Warning: Label(s) may have changed. Rerun to get cross-references right.


Package rerunfilecheck Warning: File `latex_paper.out' has changed.
(rerunfilecheck)                Rerun to get outlines right
(rerunfilecheck)                or use package `bookmark'.

Package rerunfilecheck Info: Checksums for `latex_paper.out':
(rerunfilecheck)             Before: <no file>
(rerunfilecheck)             After:  1C57B8E8EC37C601F49C7B8CDCCADD67;12570.
 ) 
Here is how much of TeX's memory you used:
 12502 strings out of 402628
 195489 string characters out of 5439113
 638136 words of memory out of 5000000
 41392 multiletter control sequences out of 15000+600000
 733882 words of font info for 120 fonts, out of 8000000 for 9000
 1348 hyphenation exceptions out of 8191
 71i,10n,79p,1179b,431s stack positions out of 10000i,1000n,20000p,200000b,200000s

Output written on latex_paper.pdf (9 pages).
